Date,BAC Close Price
1/2/2013 16:00:00,12.03
1/3/2013 16:00:00,11.96
1/4/2013 16:00:00,12.11
1/7/2013 16:00:00,12.09
1/8/2013 16:00:00,11.98
1/9/2013 16:00:00,11.43
1/10/2013 16:00:00,11.78
1/11/2013 16:00:00,11.63
1/14/2013 16:00:00,11.47
1/15/2013 16:00:00,11.55
1/16/2013 16:00:00,11.78
1/17/2013 16:00:00,11.28
1/18/2013 16:00:00,11.14
1/22/2013 16:00:00,11.35
1/23/2013 16:00:00,11.42
1/24/2013 16:00:00,11.53
1/25/2013 16:00:00,11.62
1/28/2013 16:00:00,11.48
1/29/2013 16:00:00,11.49
1/30/2013 16:00:00,11.38
1/31/2013 16:00:00,11.32
2/1/2013 16:00:00,11.71
2/4/2013 16:00:00,11.48
2/5/2013 16:00:00,11.88
2/6/2013 16:00:00,11.93
2/7/2013 16:00:00,11.84
2/8/2013 16:00:00,11.76
2/11/2013 16:00:00,11.86
2/12/2013 16:00:00,12.25
2/13/2013 16:00:00,12.17
2/14/2013 16:00:00,12.13
2/15/2013 16:00:00,12.03
2/19/2013 16:00:00,12.19
2/20/2013 16:00:00,11.8
2/21/2013 16:00:00,11.42
2/22/2013 16:00:00,11.44
2/25/2013 16:00:00,11.03
2/26/2013 16:00:00,11.13
2/27/2013 16:00:00,11.3
2/28/2013 16:00:00,11.23
3/1/2013 16:00:00,11.34
3/4/2013 16:00:00,11.41
3/5/2013 16:00:00,11.55
3/6/2013 16:00:00,11.92
3/7/2013 16:00:00,12.26
3/8/2013 16:00:00,12.07
3/11/2013 16:00:00,12.15
3/12/2013 16:00:00,12.01
3/13/2013 16:00:00,12.06
3/14/2013 16:00:00,12.11
3/15/2013 16:00:00,12.57
3/18/2013 16:00:00,12.56
3/19/2013 16:00:00,12.71
3/20/2013 16:00:00,12.78
3/21/2013 16:00:00,12.57
3/22/2013 16:00:00,12.56
3/25/2013 16:00:00,12.4
3/26/2013 16:00:00,12.28
3/27/2013 16:00:00,12.23
3/28/2013 16:00:00,12.18
4/1/2013 16:00:00,12.15
4/2/2013 16:00:00,12.15
4/3/2013 16:00:00,11.81
4/4/2013 16:00:00,11.94
4/5/2013 16:00:00,11.97
4/8/2013 16:00:00,12.21
4/9/2013 16:00:00,12.25
4/10/2013 16:00:00,12.32
4/11/2013 16:00:00,12.27
4/12/2013 16:00:00,12.17
4/15/2013 16:00:00,11.98
4/16/2013 16:00:00,12.28
4/17/2013 16:00:00,11.7
4/18/2013 16:00:00,11.44
4/19/2013 16:00:00,11.66
4/22/2013 16:00:00,11.72
4/23/2013 16:00:00,12.07
4/24/2013 16:00:00,12.31
4/25/2013 16:00:00,12.44
4/26/2013 16:00:00,12.42
4/29/2013 16:00:00,12.38
4/30/2013 16:00:00,12.31
5/1/2013 16:00:00,12.14
5/2/2013 16:00:00,12.19
5/3/2013 16:00:00,12.24
5/6/2013 16:00:00,12.88
5/7/2013 16:00:00,12.9
5/8/2013 16:00:00,13.02
5/9/2013 16:00:00,12.91
5/10/2013 16:00:00,13.02
5/13/2013 16:00:00,12.98
5/14/2013 16:00:00,13.34
5/15/2013 16:00:00,13.44
5/16/2013 16:00:00,13.36
5/17/2013 16:00:00,13.43
5/20/2013 16:00:00,13.51
5/21/2013 16:00:00,13.44
5/22/2013 16:00:00,13.31
5/23/2013 16:00:00,13.21
5/24/2013 16:00:00,13.24
5/28/2013 16:00:00,13.35
5/29/2013 16:00:00,13.48
5/30/2013 16:00:00,13.83
5/31/2013 16:00:00,13.66
6/3/2013 16:00:00,13.55
6/4/2013 16:00:00,13.36
6/5/2013 16:00:00,13.09
6/6/2013 16:00:00,13.2
6/7/2013 16:00:00,13.38
6/10/2013 16:00:00,13.3
6/11/2013 16:00:00,13.12
6/12/2013 16:00:00,13.06
6/13/2013 16:00:00,13.21
6/14/2013 16:00:00,13.07
6/17/2013 16:00:00,13.21
6/18/2013 16:00:00,13.27
6/19/2013 16:00:00,13.19
6/20/2013 16:00:00,12.89
6/21/2013 16:00:00,12.69
6/24/2013 16:00:00,12.3
6/25/2013 16:00:00,12.67
6/26/2013 16:00:00,12.76
6/27/2013 16:00:00,13.01
6/28/2013 16:00:00,12.86
7/1/2013 16:00:00,12.93
7/2/2013 16:00:00,12.9
7/3/2013 16:00:00,12.83
7/5/2013 16:00:00,13.06
7/8/2013 16:00:00,13.28
7/9/2013 16:00:00,13.53
7/10/2013 16:00:00,13.37
7/11/2013 16:00:00,13.51
7/12/2013 16:00:00,13.78
7/15/2013 16:00:00,13.88
7/16/2013 16:00:00,13.92
7/17/2013 16:00:00,14.31
7/18/2013 16:00:00,14.76
7/19/2013 16:00:00,14.75
7/22/2013 16:00:00,14.92
7/23/2013 16:00:00,14.94
7/24/2013 16:00:00,14.71
7/25/2013 16:00:00,14.83
7/26/2013 16:00:00,14.73
7/29/2013 16:00:00,14.52
7/30/2013 16:00:00,14.52
7/31/2013 16:00:00,14.6
8/1/2013 16:00:00,14.95
8/2/2013 16:00:00,14.84
8/5/2013 16:00:00,14.8
8/6/2013 16:00:00,14.64
8/7/2013 16:00:00,14.53
8/8/2013 16:00:00,14.61
8/9/2013 16:00:00,14.45
8/12/2013 16:00:00,14.41
8/13/2013 16:00:00,14.51
8/14/2013 16:00:00,14.6
8/15/2013 16:00:00,14.32
8/16/2013 16:00:00,14.42
8/19/2013 16:00:00,14.15
8/20/2013 16:00:00,14.29
8/21/2013 16:00:00,14.34
8/22/2013 16:00:00,14.57
8/23/2013 16:00:00,14.57
8/26/2013 16:00:00,14.49
8/27/2013 16:00:00,14.11
8/28/2013 16:00:00,14.12
8/29/2013 16:00:00,14.17
8/30/2013 16:00:00,14.12
9/3/2013 16:00:00,14.25
9/4/2013 16:00:00,14.32
9/5/2013 16:00:00,14.37
9/6/2013 16:00:00,14.36
9/9/2013 16:00:00,14.48
9/10/2013 16:00:00,14.61
9/11/2013 16:00:00,14.65
9/12/2013 16:00:00,14.48
9/13/2013 16:00:00,14.49
9/16/2013 16:00:00,14.53
9/17/2013 16:00:00,14.55
9/18/2013 16:00:00,14.72
9/19/2013 16:00:00,14.61
9/20/2013 16:00:00,14.44
9/23/2013 16:00:00,14.14
9/24/2013 16:00:00,14.09
9/25/2013 16:00:00,14.14
9/26/2013 16:00:00,14.08
9/27/2013 16:00:00,13.9
9/30/2013 16:00:00,13.8
10/1/2013 16:00:00,13.9
10/2/2013 16:00:00,14.06
10/3/2013 16:00:00,14
10/4/2013 16:00:00,14.05
10/7/2013 16:00:00,13.81
10/8/2013 16:00:00,13.69
10/9/2013 16:00:00,13.84
10/10/2013 16:00:00,14.23
10/11/2013 16:00:00,14.19
10/14/2013 16:00:00,14.35
10/15/2013 16:00:00,14.24
10/16/2013 16:00:00,14.56
10/17/2013 16:00:00,14.66
10/18/2013 16:00:00,14.63
10/21/2013 16:00:00,14.52
10/22/2013 16:00:00,14.52
10/23/2013 16:00:00,14.21
10/24/2013 16:00:00,14.17
10/25/2013 16:00:00,14.26
10/28/2013 16:00:00,14.23
10/29/2013 16:00:00,14.15
10/30/2013 16:00:00,14.17
10/31/2013 16:00:00,13.97
11/1/2013 16:00:00,14.02
11/4/2013 16:00:00,14.04
11/5/2013 16:00:00,13.93
11/6/2013 16:00:00,13.96
11/7/2013 16:00:00,13.8
11/8/2013 16:00:00,14.32
11/11/2013 16:00:00,14.4
11/12/2013 16:00:00,14.32
11/13/2013 16:00:00,14.64
11/14/2013 16:00:00,14.8
11/15/2013 16:00:00,14.92
11/18/2013 16:00:00,14.92
11/19/2013 16:00:00,15.2
11/20/2013 16:00:00,15.14
11/21/2013 16:00:00,15.59
11/22/2013 16:00:00,15.64
11/25/2013 16:00:00,15.81
11/26/2013 16:00:00,15.88
11/27/2013 16:00:00,15.83
11/29/2013 16:00:00,15.82
12/2/2013 16:00:00,15.73
12/3/2013 16:00:00,15.54
12/4/2013 16:00:00,15.63
12/5/2013 16:00:00,15.43
12/6/2013 16:00:00,15.56
12/9/2013 16:00:00,15.58
12/10/2013 16:00:00,15.56
12/11/2013 16:00:00,15.25
12/12/2013 16:00:00,15.25
12/13/2013 16:00:00,15.18
12/16/2013 16:00:00,15.24
12/17/2013 16:00:00,15.18
12/18/2013 16:00:00,15.69
12/19/2013 16:00:00,15.75
12/20/2013 16:00:00,15.6
12/23/2013 16:00:00,15.69
12/24/2013 16:00:00,15.7
12/26/2013 16:00:00,15.65
12/27/2013 16:00:00,15.67
12/30/2013 16:00:00,15.54
12/31/2013 16:00:00,15.57
1/2/2014 16:00:00,16.1
1/3/2014 16:00:00,16.41
1/6/2014 16:00:00,16.66
1/7/2014 16:00:00,16.5
1/8/2014 16:00:00,16.58
1/9/2014 16:00:00,16.83
1/10/2014 16:00:00,16.77
1/13/2014 16:00:00,16.43
1/14/2014 16:00:00,16.77
1/15/2014 16:00:00,17.15
1/16/2014 16:00:00,17.08
1/17/2014 16:00:00,17.01
1/21/2014 16:00:00,17.01
1/22/2014 16:00:00,17.15
1/23/2014 16:00:00,16.86
1/24/2014 16:00:00,16.45
1/27/2014 16:00:00,16.31
1/28/2014 16:00:00,16.73
1/29/2014 16:00:00,16.68
1/30/2014 16:00:00,16.93
1/31/2014 16:00:00,16.75
2/3/2014 16:00:00,16.35
2/4/2014 16:00:00,16.35
2/5/2014 16:00:00,16.4
2/6/2014 16:00:00,16.69
2/7/2014 16:00:00,16.82
2/10/2014 16:00:00,16.72
2/11/2014 16:00:00,16.88
2/12/2014 16:00:00,16.75
2/13/2014 16:00:00,16.75
2/14/2014 16:00:00,16.7
2/18/2014 16:00:00,16.47
2/19/2014 16:00:00,16.2
2/20/2014 16:00:00,16.3
2/21/2014 16:00:00,16.29
2/24/2014 16:00:00,16.53
2/25/2014 16:00:00,16.34
2/26/2014 16:00:00,16.33
2/27/2014 16:00:00,16.49
2/28/2014 16:00:00,16.53
3/3/2014 16:00:00,16.3
3/4/2014 16:00:00,16.73
3/5/2014 16:00:00,17.25
3/6/2014 16:00:00,17.35
3/7/2014 16:00:00,17.33
3/10/2014 16:00:00,17.47
3/11/2014 16:00:00,17.27
3/12/2014 16:00:00,17.28
3/13/2014 16:00:00,17.16
3/14/2014 16:00:00,16.8
3/17/2014 16:00:00,17.11
3/18/2014 16:00:00,17.19
3/19/2014 16:00:00,17.44
3/20/2014 16:00:00,17.92
3/21/2014 16:00:00,17.56
3/24/2014 16:00:00,17.37
3/25/2014 16:00:00,17.21
3/26/2014 16:00:00,17.18
3/27/2014 16:00:00,17.01
3/28/2014 16:00:00,16.98
3/31/2014 16:00:00,17.2
4/1/2014 16:00:00,17.34
4/2/2014 16:00:00,17.23
4/3/2014 16:00:00,17.15
4/4/2014 16:00:00,16.72
4/7/2014 16:00:00,16.38
4/8/2014 16:00:00,16.44
4/9/2014 16:00:00,16.62
4/10/2014 16:00:00,16.12
4/11/2014 16:00:00,15.77
4/14/2014 16:00:00,16
4/15/2014 16:00:00,16.39
4/16/2014 16:00:00,16.13
4/17/2014 16:00:00,16.15
4/21/2014 16:00:00,16.09
4/22/2014 16:00:00,16.29
4/23/2014 16:00:00,16.37
4/24/2014 16:00:00,16.34
4/25/2014 16:00:00,15.95
4/28/2014 16:00:00,14.95
4/29/2014 16:00:00,15.24
4/30/2014 16:00:00,15.14
5/1/2014 16:00:00,15.09
5/2/2014 16:00:00,15.25
5/5/2014 16:00:00,15.08
5/6/2014 16:00:00,14.73
5/7/2014 16:00:00,14.8
5/8/2014 16:00:00,14.93
5/9/2014 16:00:00,14.74
5/12/2014 16:00:00,15.07
5/13/2014 16:00:00,15.03
5/14/2014 16:00:00,14.84
5/15/2014 16:00:00,14.55
5/16/2014 16:00:00,14.51
5/19/2014 16:00:00,14.67
5/20/2014 16:00:00,14.53
5/21/2014 16:00:00,14.61
5/22/2014 16:00:00,14.71
5/23/2014 16:00:00,14.72
5/27/2014 16:00:00,15.22
5/28/2014 16:00:00,15.14
5/29/2014 16:00:00,15.15
5/30/2014 16:00:00,15.14
6/2/2014 16:00:00,15.26
6/3/2014 16:00:00,15.21
6/4/2014 16:00:00,15.21
6/5/2014 16:00:00,15.43
6/6/2014 16:00:00,15.59
6/9/2014 16:00:00,15.84
6/10/2014 16:00:00,15.92
6/11/2014 16:00:00,15.59
6/12/2014 16:00:00,15.42
6/13/2014 16:00:00,15.44
6/16/2014 16:00:00,15.28
6/17/2014 16:00:00,15.59
6/18/2014 16:00:00,15.65
6/19/2014 16:00:00,15.55
6/20/2014 16:00:00,15.45
6/23/2014 16:00:00,15.64
6/24/2014 16:00:00,15.49
6/25/2014 16:00:00,15.47
6/26/2014 16:00:00,15.41
6/27/2014 16:00:00,15.33
6/30/2014 16:00:00,15.37
7/1/2014 16:00:00,15.6
7/2/2014 16:00:00,15.85
7/3/2014 16:00:00,16.03
7/7/2014 16:00:00,15.94
7/8/2014 16:00:00,15.58
7/9/2014 16:00:00,15.6
7/10/2014 16:00:00,15.44
7/11/2014 16:00:00,15.38
7/14/2014 16:00:00,15.57
7/15/2014 16:00:00,15.81
7/16/2014 16:00:00,15.51
7/17/2014 16:00:00,15.2
7/18/2014 16:00:00,15.49
7/21/2014 16:00:00,15.52
7/22/2014 16:00:00,15.52
7/23/2014 16:00:00,15.52
7/24/2014 16:00:00,15.62
7/25/2014 16:00:00,15.59
7/28/2014 16:00:00,15.5
7/29/2014 16:00:00,15.34
7/30/2014 16:00:00,15.58
7/31/2014 16:00:00,15.25
8/1/2014 16:00:00,14.98
8/4/2014 16:00:00,15.05
8/5/2014 16:00:00,15
8/6/2014 16:00:00,15.2
8/7/2014 16:00:00,15.12
8/8/2014 16:00:00,15.2
8/11/2014 16:00:00,15.22
8/12/2014 16:00:00,15.21
8/13/2014 16:00:00,15.25
8/14/2014 16:00:00,15.32
8/15/2014 16:00:00,15.22
8/18/2014 16:00:00,15.45
8/19/2014 16:00:00,15.45
8/20/2014 16:00:00,15.52
8/21/2014 16:00:00,16.16
8/22/2014 16:00:00,16.13
8/25/2014 16:00:00,16.29
8/26/2014 16:00:00,16.33
8/27/2014 16:00:00,16.2
8/28/2014 16:00:00,16.01
8/29/2014 16:00:00,16.09
9/2/2014 16:00:00,16.27
9/3/2014 16:00:00,16.1
9/4/2014 16:00:00,16.11
9/5/2014 16:00:00,16.02
9/8/2014 16:00:00,16.35
9/9/2014 16:00:00,16.14
9/10/2014 16:00:00,16.36
9/11/2014 16:00:00,16.57
9/12/2014 16:00:00,16.79
9/15/2014 16:00:00,16.74
9/16/2014 16:00:00,16.71
9/17/2014 16:00:00,16.77
9/18/2014 16:00:00,17.04
9/19/2014 16:00:00,16.95
9/22/2014 16:00:00,17.03
9/23/2014 16:00:00,17.05
9/24/2014 16:00:00,17.18
9/25/2014 16:00:00,16.85
9/26/2014 16:00:00,17.03
9/29/2014 16:00:00,17.01
9/30/2014 16:00:00,17.05
10/1/2014 16:00:00,16.82
10/2/2014 16:00:00,16.88
10/3/2014 16:00:00,17.29
10/6/2014 16:00:00,17.29
10/7/2014 16:00:00,16.88
10/8/2014 16:00:00,17.12
10/9/2014 16:00:00,16.59
10/10/2014 16:00:00,16.48
10/13/2014 16:00:00,16.4
10/14/2014 16:00:00,16.52
10/15/2014 16:00:00,15.76
10/16/2014 16:00:00,16.08
10/17/2014 16:00:00,16.21
10/20/2014 16:00:00,16.26
10/21/2014 16:00:00,16.6
10/22/2014 16:00:00,16.4
10/23/2014 16:00:00,16.6
10/24/2014 16:00:00,16.72
10/27/2014 16:00:00,16.59
10/28/2014 16:00:00,16.8
10/29/2014 16:00:00,16.99
10/30/2014 16:00:00,17.03
10/31/2014 16:00:00,17.16
11/3/2014 16:00:00,17.27
11/4/2014 16:00:00,17.21
11/5/2014 16:00:00,17.34
11/6/2014 16:00:00,17.36
11/7/2014 16:00:00,17.36
11/10/2014 16:00:00,17.37
11/11/2014 16:00:00,17.32
11/12/2014 16:00:00,17.29
11/13/2014 16:00:00,17.22
11/14/2014 16:00:00,17.14
11/17/2014 16:00:00,17.09
11/18/2014 16:00:00,17.14
11/19/2014 16:00:00,17.06
11/20/2014 16:00:00,17
11/21/2014 16:00:00,17.12
11/24/2014 16:00:00,17.18
11/25/2014 16:00:00,17.1
11/26/2014 16:00:00,17.11
11/28/2014 16:00:00,17.04
12/1/2014 16:00:00,16.79
12/2/2014 16:00:00,17.15
12/3/2014 16:00:00,17.29
12/4/2014 16:00:00,17.21
12/5/2014 16:00:00,17.68
12/8/2014 16:00:00,17.66
12/9/2014 16:00:00,17.56
12/10/2014 16:00:00,17.38
12/11/2014 16:00:00,17.47
12/12/2014 16:00:00,17.13
12/15/2014 16:00:00,16.85
12/16/2014 16:00:00,16.72
12/17/2014 16:00:00,17.26
12/18/2014 16:00:00,17.53
12/19/2014 16:00:00,17.62
12/22/2014 16:00:00,17.71
12/23/2014 16:00:00,17.93
12/24/2014 16:00:00,17.98
12/26/2014 16:00:00,17.98
12/29/2014 16:00:00,18.11
12/30/2014 16:00:00,18.13
12/31/2014 16:00:00,17.89
1/2/2015 16:00:00,17.9
1/5/2015 16:00:00,17.38
1/6/2015 16:00:00,16.86
1/7/2015 16:00:00,16.94
1/8/2015 16:00:00,17.29
1/9/2015 16:00:00,16.98
1/12/2015 16:00:00,16.68
1/13/2015 16:00:00,16.45
1/14/2015 16:00:00,16.04
1/15/2015 16:00:00,15.2
1/16/2015 16:00:00,15.38
1/20/2015 16:00:00,15.26
1/21/2015 16:00:00,15.41
1/22/2015 16:00:00,16.09
1/23/2015 16:00:00,15.73
1/26/2015 16:00:00,15.85
1/27/2015 16:00:00,15.63
1/28/2015 16:00:00,15.2
1/29/2015 16:00:00,15.43
1/30/2015 16:00:00,15.15
2/2/2015 16:00:00,15.46
2/3/2015 16:00:00,15.89
2/4/2015 16:00:00,15.79
2/5/2015 16:00:00,15.97
2/6/2015 16:00:00,16.49
2/9/2015 16:00:00,16.35
2/10/2015 16:00:00,16.42
2/11/2015 16:00:00,16.36
2/12/2015 16:00:00,16.67
2/13/2015 16:00:00,16.61
2/17/2015 16:00:00,16.63
2/18/2015 16:00:00,16.3
2/19/2015 16:00:00,16.21
2/20/2015 16:00:00,16.38
2/23/2015 16:00:00,16.2
2/24/2015 16:00:00,16.38
2/25/2015 16:00:00,16.49
2/26/2015 16:00:00,16.04
2/27/2015 16:00:00,15.81
3/2/2015 16:00:00,16.01
3/3/2015 16:00:00,16.04
3/4/2015 16:00:00,15.84
3/5/2015 16:00:00,16
3/6/2015 16:00:00,16.22
3/9/2015 16:00:00,16.17
3/10/2015 16:00:00,15.79
3/11/2015 16:00:00,16.11
3/12/2015 16:00:00,16.09
3/13/2015 16:00:00,16.09
3/16/2015 16:00:00,16.13
3/17/2015 16:00:00,16.09
3/18/2015 16:00:00,15.98
3/19/2015 16:00:00,15.61
3/20/2015 16:00:00,15.84
3/23/2015 16:00:00,15.72
3/24/2015 16:00:00,15.61
3/25/2015 16:00:00,15.41
3/26/2015 16:00:00,15.42
3/27/2015 16:00:00,15.31
3/30/2015 16:00:00,15.52
3/31/2015 16:00:00,15.39
4/1/2015 16:00:00,15.41
4/2/2015 16:00:00,15.54
4/6/2015 16:00:00,15.51
4/7/2015 16:00:00,15.46
4/8/2015 16:00:00,15.61
4/9/2015 16:00:00,15.71
4/10/2015 16:00:00,15.72
4/13/2015 16:00:00,15.8
4/14/2015 16:00:00,15.82
4/15/2015 16:00:00,15.64
4/16/2015 16:00:00,15.79
4/17/2015 16:00:00,15.56
4/20/2015 16:00:00,15.57
4/21/2015 16:00:00,15.5
4/22/2015 16:00:00,15.74
4/23/2015 16:00:00,15.69
4/24/2015 16:00:00,15.64
4/27/2015 16:00:00,15.56
4/28/2015 16:00:00,15.65
4/29/2015 16:00:00,15.98
4/30/2015 16:00:00,15.93
5/1/2015 16:00:00,16.11
5/4/2015 16:00:00,16.44
5/5/2015 16:00:00,16.35
5/6/2015 16:00:00,16.29
5/7/2015 16:00:00,16.24
5/8/2015 16:00:00,16.45
5/11/2015 16:00:00,16.49
5/12/2015 16:00:00,16.43
5/13/2015 16:00:00,16.47
5/14/2015 16:00:00,16.52
5/15/2015 16:00:00,16.35
5/18/2015 16:00:00,16.51
5/19/2015 16:00:00,16.77
5/20/2015 16:00:00,16.74
5/21/2015 16:00:00,16.73
5/22/2015 16:00:00,16.75
5/26/2015 16:00:00,16.5
5/27/2015 16:00:00,16.74
5/28/2015 16:00:00,16.67
5/29/2015 16:00:00,16.5
6/1/2015 16:00:00,16.55
6/2/2015 16:00:00,16.72
6/3/2015 16:00:00,16.93
6/4/2015 16:00:00,16.78
6/5/2015 16:00:00,17.19
6/8/2015 16:00:00,17.08
6/9/2015 16:00:00,17.31
6/10/2015 16:00:00,17.59
6/11/2015 16:00:00,17.49
6/12/2015 16:00:00,17.49
6/15/2015 16:00:00,17.47
6/16/2015 16:00:00,17.55
6/17/2015 16:00:00,17.37
6/18/2015 16:00:00,17.38
6/19/2015 16:00:00,17.17
6/22/2015 16:00:00,17.47
6/23/2015 16:00:00,17.67
6/24/2015 16:00:00,17.49
6/25/2015 16:00:00,17.37
6/26/2015 16:00:00,17.41
6/29/2015 16:00:00,16.89
6/30/2015 16:00:00,17.02
7/1/2015 16:00:00,17.22
7/2/2015 16:00:00,17.03
7/6/2015 16:00:00,16.94
7/7/2015 16:00:00,16.69
7/8/2015 16:00:00,16.25
7/9/2015 16:00:00,16.48
7/10/2015 16:00:00,16.7
7/13/2015 16:00:00,17.02
7/14/2015 16:00:00,17.13
7/15/2015 16:00:00,17.68
7/16/2015 16:00:00,17.95
7/17/2015 16:00:00,18.1
7/20/2015 16:00:00,18.12
7/21/2015 16:00:00,18.08
7/22/2015 16:00:00,18.45
7/23/2015 16:00:00,18.18
7/24/2015 16:00:00,17.9
7/27/2015 16:00:00,17.67
7/28/2015 16:00:00,17.88
7/29/2015 16:00:00,18.16
7/30/2015 16:00:00,18.13
7/31/2015 16:00:00,17.88
8/3/2015 16:00:00,17.77
8/4/2015 16:00:00,17.8
8/5/2015 16:00:00,17.87
8/6/2015 16:00:00,17.81
8/7/2015 16:00:00,17.75
8/10/2015 16:00:00,18.04
8/11/2015 16:00:00,17.79
8/12/2015 16:00:00,17.52
8/13/2015 16:00:00,17.62
8/14/2015 16:00:00,17.7
8/17/2015 16:00:00,17.77
8/18/2015 16:00:00,17.69
8/19/2015 16:00:00,17.46
8/20/2015 16:00:00,16.72
8/21/2015 16:00:00,16.1
8/24/2015 16:00:00,15.29
8/25/2015 16:00:00,15.26
8/26/2015 16:00:00,16.06
8/27/2015 16:00:00,16.44
8/28/2015 16:00:00,16.36
8/31/2015 16:00:00,16.34
9/1/2015 16:00:00,15.58
9/2/2015 16:00:00,15.85
9/3/2015 16:00:00,15.94
9/4/2015 16:00:00,15.65
9/8/2015 16:00:00,16.16
9/9/2015 16:00:00,15.9
9/10/2015 16:00:00,16.04
9/11/2015 16:00:00,16.04
9/14/2015 16:00:00,15.96
9/15/2015 16:00:00,16.31
9/16/2015 16:00:00,16.33
9/17/2015 16:00:00,15.86
9/18/2015 16:00:00,15.56
9/21/2015 16:00:00,15.7
9/22/2015 16:00:00,15.57
9/23/2015 16:00:00,15.72
9/24/2015 16:00:00,15.55
9/25/2015 16:00:00,15.89
9/28/2015 16:00:00,15.47
9/29/2015 16:00:00,15.35
9/30/2015 16:00:00,15.58
10/1/2015 16:00:00,15.55
10/2/2015 16:00:00,15.38
10/5/2015 16:00:00,15.69
10/6/2015 16:00:00,15.69
10/7/2015 16:00:00,15.75
10/8/2015 16:00:00,15.75
10/9/2015 16:00:00,15.58
10/12/2015 16:00:00,15.52
10/13/2015 16:00:00,15.52
10/14/2015 16:00:00,15.64
10/15/2015 16:00:00,16.19
10/16/2015 16:00:00,16.12
10/19/2015 16:00:00,16.14
10/20/2015 16:00:00,16.2
10/21/2015 16:00:00,15.9
10/22/2015 16:00:00,16.16
10/23/2015 16:00:00,16.52
10/26/2015 16:00:00,16.51
10/27/2015 16:00:00,16.4
10/28/2015 16:00:00,17.28
10/29/2015 16:00:00,17.09
10/30/2015 16:00:00,16.78
11/2/2015 16:00:00,17.06
11/3/2015 16:00:00,17.18
11/4/2015 16:00:00,17.01
11/5/2015 16:00:00,17.31
11/6/2015 16:00:00,17.95
11/9/2015 16:00:00,17.68
11/10/2015 16:00:00,17.85
11/11/2015 16:00:00,17.75
11/12/2015 16:00:00,17.37
11/13/2015 16:00:00,17.2
11/16/2015 16:00:00,17.43
11/17/2015 16:00:00,17.42
11/18/2015 16:00:00,17.84
11/19/2015 16:00:00,17.69
11/20/2015 16:00:00,17.65
11/23/2015 16:00:00,17.47
11/24/2015 16:00:00,17.47
11/25/2015 16:00:00,17.44
11/27/2015 16:00:00,17.48
11/30/2015 16:00:00,17.43
12/1/2015 16:00:00,17.81
12/2/2015 16:00:00,17.62
12/3/2015 16:00:00,17.3
12/4/2015 16:00:00,17.8
12/7/2015 16:00:00,17.54
12/8/2015 16:00:00,17.19
12/9/2015 16:00:00,17.1
12/10/2015 16:00:00,17.2
12/11/2015 16:00:00,16.73
12/14/2015 16:00:00,16.8
12/15/2015 16:00:00,17.42
12/16/2015 16:00:00,17.75
12/17/2015 16:00:00,17.3
12/18/2015 16:00:00,16.76
12/21/2015 16:00:00,16.97
12/22/2015 16:00:00,17.08
12/23/2015 16:00:00,17.34
12/24/2015 16:00:00,17.27
12/28/2015 16:00:00,17.13
12/29/2015 16:00:00,17.28
12/30/2015 16:00:00,17.05
12/31/2015 16:00:00,16.83
1/4/2016 16:00:00,16.43
1/5/2016 16:00:00,16.43
1/6/2016 16:00:00,16.08
1/7/2016 16:00:00,15.5
1/8/2016 16:00:00,15.2
1/11/2016 16:00:00,15.31
1/12/2016 16:00:00,15.31
1/13/2016 16:00:00,14.9
1/14/2016 16:00:00,14.99
1/15/2016 16:00:00,14.46
1/19/2016 16:00:00,14.24
1/20/2016 16:00:00,13.69
1/21/2016 16:00:00,13.36
1/22/2016 16:00:00,13.56
1/25/2016 16:00:00,12.96
1/26/2016 16:00:00,13.31
1/27/2016 16:00:00,13.36
1/28/2016 16:00:00,13.53
1/29/2016 16:00:00,14.14
2/1/2016 16:00:00,13.96
2/2/2016 16:00:00,13.23
2/3/2016 16:00:00,13.03
2/4/2016 16:00:00,13.25
2/5/2016 16:00:00,12.95
2/8/2016 16:00:00,12.27
2/9/2016 16:00:00,12.2
2/10/2016 16:00:00,11.98
2/11/2016 16:00:00,11.16
2/12/2016 16:00:00,11.95
2/16/2016 16:00:00,12.25
2/17/2016 16:00:00,12.56
2/18/2016 16:00:00,12.24
2/19/2016 16:00:00,12.13
2/22/2016 16:00:00,12.54
2/23/2016 16:00:00,12.16
2/24/2016 16:00:00,12.13
2/25/2016 16:00:00,12.32
2/26/2016 16:00:00,12.7
2/29/2016 16:00:00,12.52
3/1/2016 16:00:00,13.19
3/2/2016 16:00:00,13.41
3/3/2016 16:00:00,13.5
3/4/2016 16:00:00,13.54
3/7/2016 16:00:00,13.53
3/8/2016 16:00:00,13.06
3/9/2016 16:00:00,13.14
3/10/2016 16:00:00,13.27
3/11/2016 16:00:00,13.79
3/14/2016 16:00:00,13.64
3/15/2016 16:00:00,13.57
3/16/2016 16:00:00,13.31
3/17/2016 16:00:00,13.4
3/18/2016 16:00:00,13.79
3/21/2016 16:00:00,13.84
3/22/2016 16:00:00,13.76
3/23/2016 16:00:00,13.62
3/24/2016 16:00:00,13.68
3/28/2016 16:00:00,13.62
3/29/2016 16:00:00,13.42
3/30/2016 16:00:00,13.48
3/31/2016 16:00:00,13.52
4/1/2016 16:00:00,13.56
4/4/2016 16:00:00,13.51
4/5/2016 16:00:00,13.19
4/6/2016 16:00:00,13.27
4/7/2016 16:00:00,12.85
4/8/2016 16:00:00,12.88
4/11/2016 16:00:00,12.97
4/12/2016 16:00:00,13.27
4/13/2016 16:00:00,13.79
4/14/2016 16:00:00,14.14
4/15/2016 16:00:00,14
4/18/2016 16:00:00,14.17
4/19/2016 16:00:00,14.45
4/20/2016 16:00:00,14.93
4/21/2016 16:00:00,14.9
4/22/2016 16:00:00,15.11
4/25/2016 16:00:00,14.96
4/26/2016 16:00:00,15.09
4/27/2016 16:00:00,15.02
4/28/2016 16:00:00,14.79
4/29/2016 16:00:00,14.56
5/2/2016 16:00:00,14.77
5/3/2016 16:00:00,14.36
5/4/2016 16:00:00,14.13
5/5/2016 16:00:00,14.05
5/6/2016 16:00:00,14.11
5/9/2016 16:00:00,13.99
5/10/2016 16:00:00,14.3
5/11/2016 16:00:00,14.2
5/12/2016 16:00:00,14.14
5/13/2016 16:00:00,13.88
5/16/2016 16:00:00,13.93
5/17/2016 16:00:00,14.01
5/18/2016 16:00:00,14.69
5/19/2016 16:00:00,14.53
5/20/2016 16:00:00,14.52
5/23/2016 16:00:00,14.47
5/24/2016 16:00:00,14.68
5/25/2016 16:00:00,14.92
5/26/2016 16:00:00,14.7
5/27/2016 16:00:00,14.88
5/31/2016 16:00:00,14.79
6/1/2016 16:00:00,14.86
6/2/2016 16:00:00,14.94
6/3/2016 16:00:00,14.42
6/6/2016 16:00:00,14.52
6/7/2016 16:00:00,14.35
6/8/2016 16:00:00,14.43
6/9/2016 16:00:00,14.19
6/10/2016 16:00:00,13.83
6/13/2016 16:00:00,13.6
6/14/2016 16:00:00,13.26
6/15/2016 16:00:00,13.34
6/16/2016 16:00:00,13.31
6/17/2016 16:00:00,13.4
6/20/2016 16:00:00,13.54
6/21/2016 16:00:00,13.62
6/22/2016 16:00:00,13.61
6/23/2016 16:00:00,14.04
6/24/2016 16:00:00,13
6/27/2016 16:00:00,12.18
6/28/2016 16:00:00,12.7
6/29/2016 16:00:00,13.19
6/30/2016 16:00:00,13.27
7/1/2016 16:00:00,13.1
7/5/2016 16:00:00,12.74
7/6/2016 16:00:00,12.86
7/7/2016 16:00:00,13.01
7/8/2016 16:00:00,13.17
7/11/2016 16:00:00,13.21
7/12/2016 16:00:00,13.54
7/13/2016 16:00:00,13.44
7/14/2016 16:00:00,13.65
7/15/2016 16:00:00,13.66
7/18/2016 16:00:00,14.11
7/19/2016 16:00:00,14.26
7/20/2016 16:00:00,14.4
7/21/2016 16:00:00,14.27
7/22/2016 16:00:00,14.38
7/25/2016 16:00:00,14.37
7/26/2016 16:00:00,14.53
7/27/2016 16:00:00,14.63
7/28/2016 16:00:00,14.68
7/29/2016 16:00:00,14.49
8/1/2016 16:00:00,14.33
8/2/2016 16:00:00,14.13
8/3/2016 16:00:00,14.48
8/4/2016 16:00:00,14.48
8/5/2016 16:00:00,15.05
8/8/2016 16:00:00,15.13
8/9/2016 16:00:00,15.19
8/10/2016 16:00:00,14.81
8/11/2016 16:00:00,14.88
8/12/2016 16:00:00,14.91
8/15/2016 16:00:00,15.02
8/16/2016 16:00:00,15.17
8/17/2016 16:00:00,15.15
8/18/2016 16:00:00,15.16
8/19/2016 16:00:00,15.22
8/22/2016 16:00:00,15.18
8/23/2016 16:00:00,15.35
8/24/2016 16:00:00,15.4
8/25/2016 16:00:00,15.53
8/26/2016 16:00:00,15.79
8/29/2016 16:00:00,15.84
8/30/2016 16:00:00,16.19
8/31/2016 16:00:00,16.14
9/1/2016 16:00:00,15.98
9/2/2016 16:00:00,16
9/6/2016 16:00:00,15.78
9/7/2016 16:00:00,15.7
9/8/2016 16:00:00,15.86
9/9/2016 16:00:00,15.74
9/12/2016 16:00:00,15.9
9/13/2016 16:00:00,15.72
9/14/2016 16:00:00,15.63
9/15/2016 16:00:00,15.67
9/16/2016 16:00:00,15.49
9/19/2016 16:00:00,15.59
9/20/2016 16:00:00,15.6
9/21/2016 16:00:00,15.65
9/22/2016 16:00:00,15.6
9/23/2016 16:00:00,15.52
9/26/2016 16:00:00,15.09
9/27/2016 16:00:00,15.29
9/28/2016 16:00:00,15.38
9/29/2016 16:00:00,15.16
9/30/2016 16:00:00,15.65
10/3/2016 16:00:00,15.63
10/4/2016 16:00:00,15.8
10/5/2016 16:00:00,16.11
10/6/2016 16:00:00,16.22
10/7/2016 16:00:00,16.13
10/10/2016 16:00:00,16.3
10/11/2016 16:00:00,16.11
10/12/2016 16:00:00,16.03
10/13/2016 16:00:00,15.83
10/14/2016 16:00:00,16
10/17/2016 16:00:00,16.05
10/18/2016 16:00:00,16.26
10/19/2016 16:00:00,16.47
10/20/2016 16:00:00,16.56
10/21/2016 16:00:00,16.67
10/24/2016 16:00:00,16.77
10/25/2016 16:00:00,16.72
10/26/2016 16:00:00,16.87
10/27/2016 16:00:00,16.91
10/28/2016 16:00:00,16.68
10/31/2016 16:00:00,16.5
11/1/2016 16:00:00,16.61
11/2/2016 16:00:00,16.48
11/3/2016 16:00:00,16.48
11/4/2016 16:00:00,16.55
11/7/2016 16:00:00,17.01
11/8/2016 16:00:00,17
11/9/2016 16:00:00,17.97
11/10/2016 16:00:00,18.76
11/11/2016 16:00:00,19.02
11/14/2016 16:00:00,20.08
11/15/2016 16:00:00,20.16
11/16/2016 16:00:00,19.75
11/17/2016 16:00:00,20.08
11/18/2016 16:00:00,20
11/21/2016 16:00:00,20.33
11/22/2016 16:00:00,20.3
11/23/2016 16:00:00,20.56
11/25/2016 16:00:00,20.86
11/28/2016 16:00:00,20.3
11/29/2016 16:00:00,20.29
11/30/2016 16:00:00,21.12
12/1/2016 16:00:00,21.5
12/2/2016 16:00:00,21.23
12/5/2016 16:00:00,21.84
12/6/2016 16:00:00,22.16
12/7/2016 16:00:00,22.57
12/8/2016 16:00:00,22.95
12/9/2016 16:00:00,23.09
12/12/2016 16:00:00,22.61
12/13/2016 16:00:00,22.61
12/14/2016 16:00:00,22.67
12/15/2016 16:00:00,23.16
12/16/2016 16:00:00,22.66
12/19/2016 16:00:00,22.48
12/20/2016 16:00:00,22.71
12/21/2016 16:00:00,22.63
12/22/2016 16:00:00,22.54
12/23/2016 16:00:00,22.6
12/27/2016 16:00:00,22.61
12/28/2016 16:00:00,22.33
12/29/2016 16:00:00,22
12/30/2016 16:00:00,22.1
1/3/2017 16:00:00,22.53
1/4/2017 16:00:00,22.95
1/5/2017 16:00:00,22.68
1/6/2017 16:00:00,22.68
1/9/2017 16:00:00,22.55
1/10/2017 16:00:00,22.94
1/11/2017 16:00:00,23.07
1/12/2017 16:00:00,22.92
1/13/2017 16:00:00,23.01
1/17/2017 16:00:00,22.05
1/18/2017 16:00:00,22.63
1/19/2017 16:00:00,22.53
1/20/2017 16:00:00,22.64
1/23/2017 16:00:00,22.56
1/24/2017 16:00:00,22.95
1/25/2017 16:00:00,23.37
1/26/2017 16:00:00,23.44
1/27/2017 16:00:00,23.36
1/30/2017 16:00:00,22.95
1/31/2017 16:00:00,22.64
2/1/2017 16:00:00,22.89
2/2/2017 16:00:00,22.72
2/3/2017 16:00:00,23.29
2/6/2017 16:00:00,23.12
2/7/2017 16:00:00,22.9
2/8/2017 16:00:00,22.67
2/9/2017 16:00:00,23.12
2/10/2017 16:00:00,23.08
2/13/2017 16:00:00,23.4
2/14/2017 16:00:00,24.06
2/15/2017 16:00:00,24.58
2/16/2017 16:00:00,24.58
2/17/2017 16:00:00,24.52
2/21/2017 16:00:00,24.78
2/22/2017 16:00:00,24.79
2/23/2017 16:00:00,24.58
2/24/2017 16:00:00,24.23
2/27/2017 16:00:00,24.57
2/28/2017 16:00:00,24.68
3/1/2017 16:00:00,25.5
3/2/2017 16:00:00,25.23
3/3/2017 16:00:00,25.44
3/6/2017 16:00:00,25.25
3/7/2017 16:00:00,25.21
3/8/2017 16:00:00,25.26
3/9/2017 16:00:00,25.35
3/10/2017 16:00:00,25.31
3/13/2017 16:00:00,25.3
3/14/2017 16:00:00,25.32
3/15/2017 16:00:00,25.18
3/16/2017 16:00:00,25.22
3/17/2017 16:00:00,24.86
3/20/2017 16:00:00,24.44
3/21/2017 16:00:00,23.02
3/22/2017 16:00:00,22.94
3/23/2017 16:00:00,23.07
3/24/2017 16:00:00,23.12
3/27/2017 16:00:00,23.03
3/28/2017 16:00:00,23.48
3/29/2017 16:00:00,23.35
3/30/2017 16:00:00,23.87
3/31/2017 16:00:00,23.59
4/3/2017 16:00:00,23.59
4/4/2017 16:00:00,23.44
4/5/2017 16:00:00,23.17
4/6/2017 16:00:00,23.26
4/7/2017 16:00:00,23.16
4/10/2017 16:00:00,23.02
4/11/2017 16:00:00,22.92
4/12/2017 16:00:00,22.65
4/13/2017 16:00:00,22.34
4/17/2017 16:00:00,22.81
4/18/2017 16:00:00,22.71
4/19/2017 16:00:00,22.74
4/20/2017 16:00:00,23.07
4/21/2017 16:00:00,22.71
4/24/2017 16:00:00,23.63
4/25/2017 16:00:00,23.98
4/26/2017 16:00:00,23.89
4/27/2017 16:00:00,23.65
4/28/2017 16:00:00,23.34
5/1/2017 16:00:00,23.61
5/2/2017 16:00:00,23.53
5/3/2017 16:00:00,23.77
5/4/2017 16:00:00,23.85
5/5/2017 16:00:00,23.74
5/8/2017 16:00:00,23.96
5/9/2017 16:00:00,23.98
5/10/2017 16:00:00,24.15
5/11/2017 16:00:00,24.07
5/12/2017 16:00:00,24
5/15/2017 16:00:00,24.06
5/16/2017 16:00:00,23.99
5/17/2017 16:00:00,22.57
5/18/2017 16:00:00,22.74
5/19/2017 16:00:00,23.05
5/22/2017 16:00:00,23.04
5/23/2017 16:00:00,23.39
5/24/2017 16:00:00,23.36
5/25/2017 16:00:00,23.25
5/26/2017 16:00:00,23.24
5/30/2017 16:00:00,22.91
5/31/2017 16:00:00,22.41
6/1/2017 16:00:00,22.63
6/2/2017 16:00:00,22.45
6/5/2017 16:00:00,22.41
6/6/2017 16:00:00,22.23
6/7/2017 16:00:00,22.6
6/8/2017 16:00:00,22.97
6/9/2017 16:00:00,23.67
6/12/2017 16:00:00,23.78
6/13/2017 16:00:00,23.77
6/14/2017 16:00:00,23.76
6/15/2017 16:00:00,23.54
6/16/2017 16:00:00,23.43
6/19/2017 16:00:00,23.91
6/20/2017 16:00:00,23.49
6/21/2017 16:00:00,23.13
6/22/2017 16:00:00,22.93
6/23/2017 16:00:00,22.82
6/26/2017 16:00:00,22.89
6/27/2017 16:00:00,23.27
6/28/2017 16:00:00,23.88
6/29/2017 16:00:00,24.32
6/30/2017 16:00:00,24.26
7/3/2017 16:00:00,24.68
7/5/2017 16:00:00,24.92
7/6/2017 16:00:00,24.71
7/7/2017 16:00:00,24.83
7/10/2017 16:00:00,24.89
7/11/2017 16:00:00,24.6
7/12/2017 16:00:00,24.35
7/13/2017 16:00:00,24.62
7/14/2017 16:00:00,24.21
7/17/2017 16:00:00,24.02
7/18/2017 16:00:00,23.9
7/19/2017 16:00:00,24.06
7/20/2017 16:00:00,23.94
7/21/2017 16:00:00,23.8
7/24/2017 16:00:00,23.91
7/25/2017 16:00:00,24.48
7/26/2017 16:00:00,24.21
7/27/2017 16:00:00,24.11
7/28/2017 16:00:00,24.03
7/31/2017 16:00:00,24.12
8/1/2017 16:00:00,24.45
8/2/2017 16:00:00,24.59
8/3/2017 16:00:00,24.37
8/4/2017 16:00:00,24.97
8/7/2017 16:00:00,24.96
8/8/2017 16:00:00,24.9
8/9/2017 16:00:00,24.74
8/10/2017 16:00:00,24.12
8/11/2017 16:00:00,23.86
8/14/2017 16:00:00,24.42
8/15/2017 16:00:00,24.47
8/16/2017 16:00:00,24.19
8/17/2017 16:00:00,23.64
8/18/2017 16:00:00,23.62
8/21/2017 16:00:00,23.38
8/22/2017 16:00:00,23.83
8/23/2017 16:00:00,23.76
8/24/2017 16:00:00,23.84
8/25/2017 16:00:00,23.77
8/28/2017 16:00:00,23.72
8/29/2017 16:00:00,23.58
8/30/2017 16:00:00,23.87
8/31/2017 16:00:00,23.89
9/1/2017 16:00:00,24.09
9/5/2017 16:00:00,23.31
9/6/2017 16:00:00,23.41
9/7/2017 16:00:00,22.97
9/8/2017 16:00:00,22.89
9/11/2017 16:00:00,23.36
9/12/2017 16:00:00,23.95
9/13/2017 16:00:00,24.33
9/14/2017 16:00:00,24.24
9/15/2017 16:00:00,24.38
9/18/2017 16:00:00,24.7
9/19/2017 16:00:00,24.86
9/20/2017 16:00:00,25.06
9/21/2017 16:00:00,25.16
9/22/2017 16:00:00,25.02
9/25/2017 16:00:00,24.76
9/26/2017 16:00:00,24.81
9/27/2017 16:00:00,25.41
9/28/2017 16:00:00,25.45
9/29/2017 16:00:00,25.34
10/2/2017 16:00:00,25.62
10/3/2017 16:00:00,25.86
10/4/2017 16:00:00,25.71
10/5/2017 16:00:00,26.13
10/6/2017 16:00:00,26.21
10/9/2017 16:00:00,25.85
10/10/2017 16:00:00,25.93
10/11/2017 16:00:00,25.83
10/12/2017 16:00:00,25.45
10/13/2017 16:00:00,25.83
10/16/2017 16:00:00,26.24
10/17/2017 16:00:00,26.2
10/18/2017 16:00:00,26.48
10/19/2017 16:00:00,26.58
10/20/2017 16:00:00,27.17
10/23/2017 16:00:00,27.16
10/24/2017 16:00:00,27.68
10/25/2017 16:00:00,27.63
10/26/2017 16:00:00,27.74
10/27/2017 16:00:00,27.8
10/30/2017 16:00:00,27.6
10/31/2017 16:00:00,27.39
11/1/2017 16:00:00,27.53
11/2/2017 16:00:00,27.87
11/3/2017 16:00:00,27.82
11/6/2017 16:00:00,27.75
11/7/2017 16:00:00,27.18
11/8/2017 16:00:00,26.79
11/9/2017 16:00:00,26.49
11/10/2017 16:00:00,26.51
11/13/2017 16:00:00,26.4
11/14/2017 16:00:00,26.24
11/15/2017 16:00:00,26.79
11/16/2017 16:00:00,26.76
11/17/2017 16:00:00,26.62
11/20/2017 16:00:00,26.74
11/21/2017 16:00:00,26.73
11/22/2017 16:00:00,26.66
11/24/2017 13:00:00,26.59
11/27/2017 16:00:00,26.59
11/28/2017 16:00:00,27.64
11/29/2017 16:00:00,28.28
11/30/2017 16:00:00,28.17
12/1/2017 16:00:00,28.1
12/4/2017 16:00:00,29.06
12/5/2017 16:00:00,28.93
12/6/2017 16:00:00,28.64
12/7/2017 16:00:00,28.78
12/8/2017 16:00:00,29.05
12/11/2017 16:00:00,28.94
12/12/2017 16:00:00,29.32
12/13/2017 16:00:00,28.84
12/14/2017 16:00:00,28.73
12/15/2017 16:00:00,29.04
12/18/2017 16:00:00,29.48
12/19/2017 16:00:00,29.45
12/20/2017 16:00:00,29.48
12/21/2017 16:00:00,29.82
12/22/2017 16:00:00,29.88
12/26/2017 16:00:00,29.78
12/27/2017 16:00:00,29.73
12/28/2017 16:00:00,29.8
12/29/2017 16:00:00,29.52
1/2/2018 16:00:00,29.9
1/3/2018 16:00:00,29.8
1/4/2018 16:00:00,30.19
1/5/2018 16:00:00,30.33
1/8/2018 16:00:00,30.12
1/9/2018 16:00:00,30.27
1/10/2018 16:00:00,30.55
1/11/2018 16:00:00,30.66
1/12/2018 16:00:00,31.19
1/16/2018 16:00:00,31.24
1/17/2018 16:00:00,31.18
1/18/2018 16:00:00,31.48
1/19/2018 16:00:00,31.72
1/22/2018 16:00:00,31.94
1/23/2018 16:00:00,31.92
1/24/2018 16:00:00,32.09
1/25/2018 16:00:00,32.09
1/26/2018 16:00:00,32.2
1/29/2018 16:00:00,32.28
1/30/2018 16:00:00,31.88
1/31/2018 16:00:00,32
2/1/2018 16:00:00,32.5
2/2/2018 16:00:00,31.95
2/5/2018 16:00:00,30.26
2/6/2018 16:00:00,31.2
2/7/2018 16:00:00,31.25
2/8/2018 16:00:00,29.74
2/9/2018 16:00:00,30.33
2/12/2018 16:00:00,31.12
2/13/2018 16:00:00,31.18
2/14/2018 16:00:00,32
2/15/2018 16:00:00,32.21
2/16/2018 16:00:00,31.97
2/20/2018 16:00:00,31.93
2/21/2018 16:00:00,31.87
2/22/2018 16:00:00,31.69
2/23/2018 16:00:00,32.03
2/26/2018 16:00:00,32.42
2/27/2018 16:00:00,32.33
2/28/2018 16:00:00,32.1
3/1/2018 16:00:00,31.48
3/2/2018 16:00:00,31.63
3/5/2018 16:00:00,32.13
3/6/2018 16:00:00,32.11
3/7/2018 16:00:00,32.18
3/8/2018 16:00:00,32.2
3/9/2018 16:00:00,32.72
3/12/2018 16:00:00,32.84
3/13/2018 16:00:00,32.36
3/14/2018 16:00:00,32.14
3/15/2018 16:00:00,32.1
3/16/2018 16:00:00,32.17
3/19/2018 16:00:00,31.98
3/20/2018 16:00:00,31.98
3/21/2018 16:00:00,31.87
3/22/2018 16:00:00,30.55
3/23/2018 16:00:00,29.17
3/26/2018 16:00:00,30.44
3/27/2018 16:00:00,29.52
3/28/2018 16:00:00,29.39
3/29/2018 16:00:00,29.99
4/2/2018 16:00:00,29.31
4/3/2018 16:00:00,29.59
4/4/2018 16:00:00,29.88
4/5/2018 16:00:00,30.32
4/6/2018 16:00:00,29.63
4/9/2018 16:00:00,29.87
4/10/2018 16:00:00,30.48
4/11/2018 16:00:00,29.9
4/12/2018 16:00:00,30.65
4/13/2018 16:00:00,29.8
4/16/2018 16:00:00,29.93
4/17/2018 16:00:00,30.04
4/18/2018 16:00:00,29.53
4/19/2018 16:00:00,30.18
4/20/2018 16:00:00,30.26
4/23/2018 16:00:00,30.32
4/24/2018 16:00:00,30.19
4/25/2018 16:00:00,30.14
4/26/2018 16:00:00,30.07
4/27/2018 16:00:00,30.15
4/30/2018 16:00:00,29.92
5/1/2018 16:00:00,29.95
5/2/2018 16:00:00,29.58
5/3/2018 16:00:00,29.2
5/4/2018 16:00:00,29.3
5/7/2018 16:00:00,29.64
5/8/2018 16:00:00,29.93
5/9/2018 16:00:00,30.72
5/10/2018 16:00:00,30.89
5/11/2018 16:00:00,30.92
5/14/2018 16:00:00,31.12
5/15/2018 16:00:00,31.22
5/16/2018 16:00:00,31.06
5/17/2018 16:00:00,30.81
5/18/2018 16:00:00,30.81
5/21/2018 16:00:00,30.55
5/22/2018 16:00:00,30.89
5/23/2018 16:00:00,30.44
5/24/2018 16:00:00,30.21
5/25/2018 16:00:00,30.16
5/29/2018 16:00:00,28.96
5/30/2018 16:00:00,29.49
5/31/2018 16:00:00,29.04
6/1/2018 16:00:00,29.4
6/4/2018 16:00:00,29.4
6/5/2018 16:00:00,29.12
6/6/2018 16:00:00,30.04
6/7/2018 16:00:00,30.09
6/8/2018 16:00:00,30.01
6/11/2018 16:00:00,30.06
6/12/2018 16:00:00,29.9
6/13/2018 16:00:00,29.84
6/14/2018 16:00:00,29.5
6/15/2018 16:00:00,29.28
6/18/2018 16:00:00,29.4
6/19/2018 16:00:00,29.26
6/20/2018 16:00:00,29.24
6/21/2018 16:00:00,29.29
6/22/2018 16:00:00,28.99
6/25/2018 16:00:00,28.48
6/26/2018 16:00:00,28.54
6/27/2018 16:00:00,28.24
6/28/2018 16:00:00,28.67
6/29/2018 16:00:00,28.19
7/2/2018 16:00:00,28.28
7/3/2018 13:00:00,27.78
7/5/2018 16:00:00,27.92
7/6/2018 16:00:00,28.03
7/9/2018 16:00:00,29.05
7/10/2018 16:00:00,28.83
7/11/2018 16:00:00,28.68
7/12/2018 16:00:00,28.77
7/13/2018 16:00:00,28.55
7/16/2018 16:00:00,29.78
7/17/2018 16:00:00,30.01
7/18/2018 16:00:00,30.13
7/19/2018 16:00:00,29.67
7/20/2018 16:00:00,30.13
7/23/2018 16:00:00,30.75
7/24/2018 16:00:00,30.83
7/25/2018 16:00:00,31.07
7/26/2018 16:00:00,30.94
7/27/2018 16:00:00,31.06
7/30/2018 16:00:00,31.31
7/31/2018 16:00:00,30.88
8/1/2018 16:00:00,31.25
8/2/2018 16:00:00,31.28
8/3/2018 16:00:00,31.51
8/6/2018 16:00:00,31.52
8/7/2018 16:00:00,31.51
8/8/2018 16:00:00,31.8
8/9/2018 16:00:00,31.6
8/10/2018 16:00:00,31.19
8/13/2018 16:00:00,30.48
8/14/2018 16:00:00,30.79
8/15/2018 16:00:00,30.36
8/16/2018 16:00:00,30.72
8/17/2018 16:00:00,30.74
8/20/2018 16:00:00,30.87
8/21/2018 16:00:00,31.02
8/22/2018 16:00:00,30.98
8/23/2018 16:00:00,30.84
8/24/2018 16:00:00,30.89
8/27/2018 16:00:00,31.31
8/28/2018 16:00:00,31.27
8/29/2018 16:00:00,31.14
8/30/2018 16:00:00,31.01
8/31/2018 16:00:00,30.93
9/4/2018 16:00:00,31.14
9/5/2018 16:00:00,31.18
9/6/2018 16:00:00,30.85
9/7/2018 16:00:00,30.86
9/10/2018 16:00:00,30.82
9/11/2018 16:00:00,30.85
9/12/2018 16:00:00,30.43
9/13/2018 16:00:00,30.14
9/14/2018 16:00:00,30.37
9/17/2018 16:00:00,30.28
9/18/2018 16:00:00,30.21
9/19/2018 16:00:00,31
9/20/2018 16:00:00,31.19
9/21/2018 16:00:00,31.03
9/24/2018 16:00:00,30.74
9/25/2018 16:00:00,30.67
9/26/2018 16:00:00,30.13
9/27/2018 16:00:00,29.94
9/28/2018 16:00:00,29.46
10/1/2018 16:00:00,29.65
10/2/2018 16:00:00,29.58
10/3/2018 16:00:00,30
10/4/2018 16:00:00,30.43
10/5/2018 16:00:00,30.23
10/8/2018 16:00:00,30.27
10/9/2018 16:00:00,29.98
10/10/2018 16:00:00,29.24
10/11/2018 16:00:00,28.36
10/12/2018 16:00:00,28.46
10/15/2018 16:00:00,27.92
10/16/2018 16:00:00,28.53
10/17/2018 16:00:00,28.9
10/18/2018 16:00:00,28.25
10/19/2018 16:00:00,28.32
10/22/2018 16:00:00,27.38
10/23/2018 16:00:00,27.02
10/24/2018 16:00:00,26.19
10/25/2018 16:00:00,26.59
10/26/2018 16:00:00,26.39
10/29/2018 16:00:00,26.61
10/30/2018 16:00:00,26.78
10/31/2018 16:00:00,27.5
11/1/2018 16:00:00,27.81
11/2/2018 16:00:00,27.89
11/5/2018 16:00:00,28.06
11/6/2018 16:00:00,28.21
11/7/2018 16:00:00,28.54
11/8/2018 16:00:00,28.87
11/9/2018 16:00:00,28.52
11/12/2018 16:00:00,27.75
11/13/2018 16:00:00,27.76
11/14/2018 16:00:00,27.21
11/15/2018 16:00:00,27.9
11/16/2018 16:00:00,27.75
11/19/2018 16:00:00,27.75
11/20/2018 16:00:00,27.38
11/21/2018 16:00:00,27.27
11/23/2018 13:00:00,26.97
11/26/2018 16:00:00,27.56
11/27/2018 16:00:00,27.74
11/28/2018 16:00:00,28.43
11/29/2018 16:00:00,28.04
11/30/2018 16:00:00,28.4
12/3/2018 16:00:00,28.54
12/4/2018 16:00:00,26.99
12/6/2018 16:00:00,26.28
12/7/2018 16:00:00,25.43
12/10/2018 16:00:00,24.76
12/11/2018 16:00:00,24.58
12/12/2018 16:00:00,24.52
12/13/2018 16:00:00,24.4
12/14/2018 16:00:00,24.48
12/17/2018 16:00:00,24.47
12/18/2018 16:00:00,24.47
12/19/2018 16:00:00,24.18
12/20/2018 16:00:00,24.11
12/21/2018 16:00:00,23.37
12/24/2018 13:00:00,22.73
12/26/2018 16:00:00,24.11
12/27/2018 16:00:00,24.37
12/28/2018 16:00:00,24.39
12/31/2018 16:00:00,24.64
1/2/2019 16:00:00,24.96
1/3/2019 16:00:00,24.56
1/4/2019 16:00:00,25.58
1/7/2019 16:00:00,25.56
1/8/2019 16:00:00,25.51
1/9/2019 16:00:00,25.76
1/10/2019 16:00:00,25.73
1/11/2019 16:00:00,26.03
1/14/2019 16:00:00,26.37
1/15/2019 16:00:00,26.55
1/16/2019 16:00:00,28.45
1/17/2019 16:00:00,28.99
1/18/2019 16:00:00,29.3
1/22/2019 16:00:00,29.09
1/23/2019 16:00:00,28.92
1/24/2019 16:00:00,29.08
1/25/2019 16:00:00,29.58
1/28/2019 16:00:00,29.63
1/29/2019 16:00:00,29.39
1/30/2019 16:00:00,29.07
1/31/2019 16:00:00,28.47
2/1/2019 16:00:00,28.38
2/4/2019 16:00:00,28.88
2/5/2019 16:00:00,28.78
2/6/2019 16:00:00,28.73
2/7/2019 16:00:00,28.24
2/8/2019 16:00:00,28.29
2/11/2019 16:00:00,28.41
2/12/2019 16:00:00,28.69
2/13/2019 16:00:00,28.7
2/14/2019 16:00:00,28.39
2/15/2019 16:00:00,29.11
2/19/2019 16:00:00,29.13
2/20/2019 16:00:00,29.41
2/21/2019 16:00:00,29.29
2/22/2019 16:00:00,29.08
2/25/2019 16:00:00,29.27
2/26/2019 16:00:00,29.29
2/27/2019 16:00:00,29.53
2/28/2019 16:00:00,29.08
3/1/2019 16:00:00,29.31
3/4/2019 16:00:00,29.03
3/5/2019 16:00:00,29.08
3/6/2019 16:00:00,28.84
3/7/2019 16:00:00,28.55
3/8/2019 16:00:00,28.65
3/11/2019 16:00:00,28.94
3/12/2019 16:00:00,28.94
3/13/2019 16:00:00,29.29
3/14/2019 16:00:00,29.46
3/15/2019 16:00:00,29.3
3/18/2019 16:00:00,29.82
3/19/2019 16:00:00,29.65
3/20/2019 16:00:00,28.64
3/21/2019 16:00:00,28.18
3/22/2019 16:00:00,27.01
3/25/2019 16:00:00,26.84
3/26/2019 16:00:00,27.21
3/27/2019 16:00:00,27.03
3/28/2019 16:00:00,27.33
3/29/2019 16:00:00,27.59
4/1/2019 16:00:00,28.54
4/2/2019 16:00:00,28.87
4/3/2019 16:00:00,28.84
4/4/2019 16:00:00,29.15
4/5/2019 16:00:00,29.08
4/8/2019 16:00:00,29.17
4/9/2019 16:00:00,28.89
4/10/2019 16:00:00,29.07
4/11/2019 16:00:00,29.07
4/12/2019 16:00:00,30.17
4/15/2019 16:00:00,29.84
4/16/2019 16:00:00,29.88
4/17/2019 16:00:00,30.03
4/18/2019 16:00:00,30.03
4/22/2019 16:00:00,30.05
4/23/2019 16:00:00,30.07
4/24/2019 16:00:00,30.02
4/25/2019 16:00:00,30.08
4/26/2019 16:00:00,30.35
4/29/2019 16:00:00,30.77
4/30/2019 16:00:00,30.58
5/1/2019 16:00:00,30.26
5/2/2019 16:00:00,30.5
5/3/2019 16:00:00,30.71
5/6/2019 16:00:00,30.47
5/7/2019 16:00:00,29.92
5/8/2019 16:00:00,29.8
5/9/2019 16:00:00,29.71
5/10/2019 16:00:00,29.58
5/13/2019 16:00:00,28.25
5/14/2019 16:00:00,28.62
5/15/2019 16:00:00,28.29
5/16/2019 16:00:00,28.59
5/17/2019 16:00:00,28.4
5/20/2019 16:00:00,28.4
5/21/2019 16:00:00,28.69
5/22/2019 16:00:00,28.49
5/23/2019 16:00:00,27.76
5/24/2019 16:00:00,28.18
5/28/2019 16:00:00,27.9
5/29/2019 16:00:00,27.75
5/30/2019 16:00:00,27.16
5/31/2019 16:00:00,26.6
6/3/2019 16:00:00,26.68
6/4/2019 16:00:00,27.92
6/5/2019 16:00:00,27.91
6/6/2019 16:00:00,27.88
6/7/2019 16:00:00,27.53
6/10/2019 16:00:00,28.07
6/11/2019 16:00:00,28.24
6/12/2019 16:00:00,27.95
6/13/2019 16:00:00,27.94
6/14/2019 16:00:00,28.04
6/17/2019 16:00:00,27.93
6/18/2019 16:00:00,28.62
6/19/2019 16:00:00,28.32
6/20/2019 16:00:00,28.27
6/21/2019 16:00:00,28.12
6/24/2019 16:00:00,27.98
6/25/2019 16:00:00,27.76
6/26/2019 16:00:00,27.91
6/27/2019 16:00:00,28.21
6/28/2019 16:00:00,29
7/1/2019 16:00:00,29.42
7/2/2019 16:00:00,29.15
7/3/2019 13:00:00,29.05
7/5/2019 16:00:00,29.26
7/8/2019 16:00:00,29.2
7/9/2019 16:00:00,29.35
7/10/2019 16:00:00,29.02
7/11/2019 16:00:00,29.36
7/12/2019 16:00:00,29.45
7/15/2019 16:00:00,29.22
7/16/2019 16:00:00,28.99
7/17/2019 16:00:00,29.19
7/18/2019 16:00:00,29.48
7/19/2019 16:00:00,29.4
7/22/2019 16:00:00,29.57
7/23/2019 16:00:00,30.25
7/24/2019 16:00:00,30.67
7/25/2019 16:00:00,30.34
7/26/2019 16:00:00,30.77
7/29/2019 16:00:00,30.52
7/30/2019 16:00:00,30.89
7/31/2019 16:00:00,30.68
8/1/2019 16:00:00,29.49
8/2/2019 16:00:00,29.38
8/5/2019 16:00:00,28.08
8/6/2019 16:00:00,28.42
8/7/2019 16:00:00,27.89
8/8/2019 16:00:00,28.38
8/9/2019 16:00:00,28.33
8/12/2019 16:00:00,27.64
8/13/2019 16:00:00,27.72
8/14/2019 16:00:00,26.42
8/15/2019 16:00:00,26.25
8/16/2019 16:00:00,27.03
8/19/2019 16:00:00,27.27
8/20/2019 16:00:00,26.72
8/21/2019 16:00:00,26.93
8/22/2019 16:00:00,27.19
8/23/2019 16:00:00,26.47
8/26/2019 16:00:00,26.78
8/27/2019 16:00:00,26.47
8/28/2019 16:00:00,26.85
8/29/2019 16:00:00,27.33
8/30/2019 16:00:00,27.51
9/3/2019 16:00:00,27.05
9/4/2019 16:00:00,27.49
9/5/2019 16:00:00,28.12
9/6/2019 16:00:00,27.73
9/9/2019 16:00:00,28.63
9/10/2019 16:00:00,29.35
9/11/2019 16:00:00,29.46
9/12/2019 16:00:00,29.67
9/13/2019 16:00:00,30.17
9/16/2019 16:00:00,30.13
9/17/2019 16:00:00,29.94
9/18/2019 16:00:00,30
9/19/2019 16:00:00,29.82
9/20/2019 16:00:00,29.59
9/23/2019 16:00:00,29.52
9/24/2019 16:00:00,28.94
9/25/2019 16:00:00,29.25
9/26/2019 16:00:00,29.13
9/27/2019 16:00:00,29.35
9/30/2019 16:00:00,29.17
10/1/2019 16:00:00,28.44
10/2/2019 16:00:00,27.84
10/3/2019 16:00:00,27.81
10/4/2019 16:00:00,28.37
10/7/2019 16:00:00,28.31
10/8/2019 16:00:00,27.63
10/9/2019 16:00:00,27.89
10/10/2019 16:00:00,28.45
10/11/2019 16:00:00,28.91
10/14/2019 16:00:00,29.14
10/15/2019 16:00:00,29.73
10/16/2019 16:00:00,30.17
10/17/2019 16:00:00,30.26
10/18/2019 16:00:00,30.35
10/21/2019 16:00:00,31.02
10/22/2019 16:00:00,31.2
10/23/2019 16:00:00,31.42
10/24/2019 16:00:00,31.36
10/25/2019 16:00:00,31.72
10/28/2019 16:00:00,31.84
10/29/2019 16:00:00,32.07
10/30/2019 16:00:00,31.62
10/31/2019 16:00:00,31.27
11/1/2019 16:00:00,31.8
11/4/2019 16:00:00,32.4
11/5/2019 16:00:00,32.82
11/6/2019 16:00:00,32.79
11/7/2019 16:00:00,33.23
11/8/2019 16:00:00,33.26
11/11/2019 16:00:00,33.18
11/12/2019 16:00:00,33.09
11/13/2019 16:00:00,32.79
11/14/2019 16:00:00,32.7
11/15/2019 16:00:00,32.93
11/18/2019 16:00:00,32.96
11/19/2019 16:00:00,32.94
11/20/2019 16:00:00,32.69
11/21/2019 16:00:00,32.84
11/22/2019 16:00:00,33.18
11/25/2019 16:00:00,33.47
11/26/2019 16:00:00,33.35
11/27/2019 16:00:00,33.42
11/29/2019 13:00:00,33.32
12/2/2019 16:00:00,33.43
12/3/2019 16:00:00,32.84
12/4/2019 16:00:00,33.15
12/5/2019 16:00:00,33.09
12/6/2019 16:00:00,33.67
12/9/2019 16:00:00,33.51
12/10/2019 16:00:00,33.53
12/11/2019 16:00:00,33.64
12/12/2019 16:00:00,34.68
12/13/2019 16:00:00,34.44
12/16/2019 16:00:00,34.7
12/17/2019 16:00:00,35.04
12/18/2019 16:00:00,35.11
12/19/2019 16:00:00,34.95
12/20/2019 16:00:00,34.96
12/23/2019 16:00:00,35.17
12/24/2019 13:00:00,35.22
12/26/2019 16:00:00,35.52
12/27/2019 16:00:00,35.35
12/30/2019 16:00:00,35.15
12/31/2019 16:00:00,35.22
1/2/2020 16:00:00,35.64
1/3/2020 16:00:00,34.9
1/6/2020 16:00:00,34.85
1/7/2020 16:00:00,34.62
1/8/2020 16:00:00,34.97
1/9/2020 16:00:00,35.03
1/10/2020 16:00:00,34.74
1/13/2020 16:00:00,35.06
1/14/2020 16:00:00,35.32
1/15/2020 16:00:00,34.67
1/16/2020 16:00:00,34.72
1/17/2020 16:00:00,34.71
1/21/2020 16:00:00,34.26
1/22/2020 16:00:00,34.36
1/23/2020 16:00:00,34.12
1/24/2020 16:00:00,33.54
1/27/2020 16:00:00,32.85
1/28/2020 16:00:00,33.24
1/29/2020 16:00:00,33.01
1/30/2020 16:00:00,33.48
1/31/2020 16:00:00,32.83
2/3/2020 16:00:00,32.97
2/4/2020 16:00:00,33.62
2/5/2020 16:00:00,34.71
2/6/2020 16:00:00,34.67
2/7/2020 16:00:00,34.61
2/10/2020 16:00:00,34.69
2/11/2020 16:00:00,34.77
2/12/2020 16:00:00,34.92
2/13/2020 16:00:00,34.91
2/14/2020 16:00:00,34.85
2/18/2020 16:00:00,34.27
2/19/2020 16:00:00,34.72
2/20/2020 16:00:00,34.85
2/21/2020 16:00:00,34.36
2/24/2020 16:00:00,32.73
2/25/2020 16:00:00,31.08
2/26/2020 16:00:00,30.63
2/27/2020 16:00:00,29.13
2/28/2020 16:00:00,28.5
3/2/2020 16:00:00,29.37
3/3/2020 16:00:00,27.75
3/4/2020 16:00:00,28.39
3/5/2020 16:00:00,26.78
3/6/2020 16:00:00,25.71
3/9/2020 16:00:00,21.93
3/10/2020 16:00:00,23.61
3/11/2020 16:00:00,22.67
3/12/2020 16:00:00,20.51
3/13/2020 16:00:00,24.16
3/16/2020 16:00:00,20.44
3/17/2020 16:00:00,21.98
3/18/2020 16:00:00,20.79
3/19/2020 16:00:00,21.2
3/20/2020 16:00:00,19.67
3/23/2020 16:00:00,18.08
3/24/2020 16:00:00,21.03
3/25/2020 16:00:00,21.1
3/26/2020 16:00:00,22.72
3/27/2020 16:00:00,21.6
3/30/2020 16:00:00,22.04
3/31/2020 16:00:00,21.23
4/1/2020 16:00:00,19.77
4/2/2020 16:00:00,20.57
4/3/2020 16:00:00,20.03
4/6/2020 16:00:00,21.39
4/7/2020 16:00:00,22.14
4/8/2020 16:00:00,23.45
4/9/2020 16:00:00,24.86
4/13/2020 16:00:00,23.92
4/14/2020 16:00:00,23.73
4/15/2020 16:00:00,22.19
4/16/2020 16:00:00,21.42
4/17/2020 16:00:00,23.28
4/20/2020 16:00:00,22.5
4/21/2020 16:00:00,21.64
4/22/2020 16:00:00,21.8
4/23/2020 16:00:00,21.87
4/24/2020 16:00:00,22.18
4/27/2020 16:00:00,23.47
4/28/2020 16:00:00,23.89
4/29/2020 16:00:00,24.78
4/30/2020 16:00:00,24.05
5/1/2020 16:00:00,23.08
5/4/2020 16:00:00,22.93
5/5/2020 16:00:00,22.66
5/6/2020 16:00:00,22.35
5/7/2020 16:00:00,22.84
5/8/2020 16:00:00,23.57
5/11/2020 16:00:00,22.58
5/12/2020 16:00:00,21.87
5/13/2020 16:00:00,20.87
5/14/2020 16:00:00,21.71
5/15/2020 16:00:00,21.44
5/18/2020 16:00:00,22.93
5/19/2020 16:00:00,22.21
5/20/2020 16:00:00,22.91
5/21/2020 16:00:00,22.9
5/22/2020 16:00:00,22.66
5/26/2020 16:00:00,24.28
5/27/2020 16:00:00,25.98
5/28/2020 16:00:00,24.86
5/29/2020 16:00:00,24.12
6/1/2020 16:00:00,24.61
6/2/2020 16:00:00,24.84
6/3/2020 16:00:00,25.99
6/4/2020 16:00:00,26.78
6/5/2020 16:00:00,28.11
6/8/2020 16:00:00,28.54
6/9/2020 16:00:00,28.22
6/10/2020 16:00:00,26.6
6/11/2020 16:00:00,23.93
6/12/2020 16:00:00,24.78
6/15/2020 16:00:00,25.15
6/16/2020 16:00:00,25.8
6/17/2020 16:00:00,25
6/18/2020 16:00:00,25.04
6/19/2020 16:00:00,25.25
6/22/2020 16:00:00,24.62
6/23/2020 16:00:00,24.79
6/24/2020 16:00:00,23.81
6/25/2020 16:00:00,24.72
6/26/2020 16:00:00,23.15
6/29/2020 16:00:00,23.39
6/30/2020 16:00:00,23.75
7/1/2020 16:00:00,23.26
7/2/2020 16:00:00,23.29
7/6/2020 16:00:00,23.66
7/7/2020 16:00:00,23.01
7/8/2020 16:00:00,23.1
7/9/2020 16:00:00,22.77
7/10/2020 16:00:00,24.02
7/13/2020 16:00:00,24.19
7/14/2020 16:00:00,24.14
7/15/2020 16:00:00,24.6
7/16/2020 16:00:00,23.93
7/17/2020 16:00:00,23.22
7/20/2020 16:00:00,23.58
7/21/2020 16:00:00,24.42
7/22/2020 16:00:00,24.31
7/23/2020 16:00:00,24.54
7/24/2020 16:00:00,24.35
7/27/2020 16:00:00,24.14
7/28/2020 16:00:00,24.36
7/29/2020 16:00:00,25.27
7/30/2020 16:00:00,24.84
7/31/2020 16:00:00,24.88
8/3/2020 16:00:00,24.99
8/4/2020 16:00:00,25.01
8/5/2020 16:00:00,25.39
8/6/2020 16:00:00,25.47
8/7/2020 16:00:00,26.11
8/10/2020 16:00:00,26.56
8/11/2020 16:00:00,26.92
8/12/2020 16:00:00,26.73
8/13/2020 16:00:00,26.35
8/14/2020 16:00:00,26.47
8/17/2020 16:00:00,25.9
8/18/2020 16:00:00,25.53
8/19/2020 16:00:00,25.5
8/20/2020 16:00:00,25.1
8/21/2020 16:00:00,24.98
8/24/2020 16:00:00,25.69
8/25/2020 16:00:00,26
8/26/2020 16:00:00,25.56
8/27/2020 16:00:00,26.05
8/28/2020 16:00:00,26.3
8/31/2020 16:00:00,25.74
9/1/2020 16:00:00,25.71
9/2/2020 16:00:00,26.02
9/3/2020 16:00:00,25.66
9/4/2020 16:00:00,26.54
9/8/2020 16:00:00,25.48
9/9/2020 16:00:00,25.51
9/10/2020 16:00:00,25.14
9/11/2020 16:00:00,25.5
9/14/2020 16:00:00,25.75
9/15/2020 16:00:00,25.28
9/16/2020 16:00:00,25.6
9/17/2020 16:00:00,25.35
9/18/2020 16:00:00,25.21
9/21/2020 16:00:00,24.47
9/22/2020 16:00:00,23.94
9/23/2020 16:00:00,23.26
9/24/2020 16:00:00,23.34
9/25/2020 16:00:00,23.49
9/28/2020 16:00:00,24.09
9/29/2020 16:00:00,23.77
9/30/2020 16:00:00,24.09
10/1/2020 16:00:00,24.1
10/2/2020 16:00:00,24.21
10/5/2020 16:00:00,24.62
10/6/2020 16:00:00,24.37
10/7/2020 16:00:00,24.88
10/8/2020 16:00:00,25.24
10/9/2020 16:00:00,25.36
10/12/2020 16:00:00,25.68
10/13/2020 16:00:00,24.95
10/14/2020 16:00:00,23.62
10/15/2020 16:00:00,24.15
10/16/2020 16:00:00,24.24
10/19/2020 16:00:00,23.72
10/20/2020 16:00:00,24.14
10/21/2020 16:00:00,24.05
10/22/2020 16:00:00,24.87
10/23/2020 16:00:00,24.9
10/26/2020 16:00:00,24.54
10/27/2020 16:00:00,23.85
10/28/2020 16:00:00,23.47
10/29/2020 16:00:00,23.54
10/30/2020 16:00:00,23.7
11/2/2020 16:00:00,24.08
11/3/2020 16:00:00,24.69
11/4/2020 16:00:00,23.68
11/5/2020 16:00:00,24.61
11/6/2020 16:00:00,24.31
11/9/2020 16:00:00,27.76
11/10/2020 16:00:00,27.66
11/11/2020 16:00:00,27.34
11/12/2020 16:00:00,26.69
11/13/2020 16:00:00,27
11/16/2020 16:00:00,27.58
11/17/2020 16:00:00,27.55
11/18/2020 16:00:00,26.98
11/19/2020 16:00:00,26.98
11/20/2020 16:00:00,26.81
11/23/2020 16:00:00,27.39
11/24/2020 16:00:00,28.98
11/25/2020 16:00:00,29.03
11/27/2020 13:00:00,28.99
11/30/2020 16:00:00,28.16
12/1/2020 16:00:00,28.69
12/2/2020 16:00:00,29.06
12/3/2020 16:00:00,28.91
12/4/2020 16:00:00,29.29
12/7/2020 16:00:00,29.09
12/8/2020 16:00:00,28.93
12/9/2020 16:00:00,28.8
12/10/2020 16:00:00,29.11
12/11/2020 16:00:00,28.57
12/14/2020 16:00:00,28.22
12/15/2020 16:00:00,28.64
12/16/2020 16:00:00,28.72
12/17/2020 16:00:00,28.83
12/18/2020 16:00:00,28.67
12/21/2020 16:00:00,29.74
12/22/2020 16:00:00,29.21
12/23/2020 16:00:00,30.05
12/24/2020 13:00:00,29.96
12/28/2020 16:00:00,30.13
12/29/2020 16:00:00,30.01
12/30/2020 16:00:00,29.98
12/31/2020 16:00:00,30.31
1/4/2021 16:00:00,30.03
1/5/2021 16:00:00,30.26
1/6/2021 16:00:00,32.15
1/7/2021 16:00:00,32.86
1/8/2021 16:00:00,32.53
1/11/2021 16:00:00,33.07
1/12/2021 16:00:00,33.66
1/13/2021 16:00:00,33.46
1/14/2021 16:00:00,33.99
1/15/2021 16:00:00,33.01
1/19/2021 16:00:00,32.77
1/20/2021 16:00:00,32.34
1/21/2021 16:00:00,31.77
1/22/2021 16:00:00,31.55
1/25/2021 16:00:00,31.16
1/26/2021 16:00:00,30.94
1/27/2021 16:00:00,29.83
1/28/2021 16:00:00,30.32
1/29/2021 16:00:00,29.65
2/1/2021 16:00:00,29.96
2/2/2021 16:00:00,31.03
2/3/2021 16:00:00,31.58
2/4/2021 16:00:00,32.5
2/5/2021 16:00:00,32.37
2/8/2021 16:00:00,33.09
2/9/2021 16:00:00,32.95
2/10/2021 16:00:00,32.98
2/11/2021 16:00:00,32.88
2/12/2021 16:00:00,33.37
2/16/2021 16:00:00,34.27
2/17/2021 16:00:00,34.41
2/18/2021 16:00:00,34.19
2/19/2021 16:00:00,34.54
2/22/2021 16:00:00,35.15
2/23/2021 16:00:00,35.52
2/24/2021 16:00:00,36.38
2/25/2021 16:00:00,35.93
2/26/2021 16:00:00,34.71
3/1/2021 16:00:00,35.79
3/2/2021 16:00:00,35.53
3/3/2021 16:00:00,36.42
3/4/2021 16:00:00,36.5
3/5/2021 16:00:00,36.93
3/8/2021 16:00:00,37.13
3/9/2021 16:00:00,36.32
3/10/2021 16:00:00,37.37
3/11/2021 16:00:00,37.24
3/12/2021 16:00:00,37.94
3/15/2021 16:00:00,37.75
3/16/2021 16:00:00,37.64
3/17/2021 16:00:00,37.95
3/18/2021 16:00:00,38.94
3/19/2021 16:00:00,38.53
3/22/2021 16:00:00,37.66
3/23/2021 16:00:00,36.9
3/24/2021 16:00:00,36.9
3/25/2021 16:00:00,37.66
3/26/2021 16:00:00,38.68
3/29/2021 16:00:00,38.31
3/30/2021 16:00:00,38.99
3/31/2021 16:00:00,38.69
4/1/2021 16:00:00,39.49
4/5/2021 16:00:00,39.8
4/6/2021 16:00:00,39.69
4/7/2021 16:00:00,40.05
4/8/2021 16:00:00,39.7
4/9/2021 16:00:00,39.99
4/12/2021 16:00:00,40.06
4/13/2021 16:00:00,39.32
4/14/2021 16:00:00,39.88
4/15/2021 16:00:00,38.74
4/16/2021 16:00:00,39.15
4/19/2021 16:00:00,39.17
4/20/2021 16:00:00,38.08
4/21/2021 16:00:00,38.72
4/22/2021 16:00:00,38.36
4/23/2021 16:00:00,39.18
4/26/2021 16:00:00,39.41
4/27/2021 16:00:00,39.88
4/28/2021 16:00:00,40.03
4/29/2021 16:00:00,41.11
4/30/2021 16:00:00,40.53
5/3/2021 16:00:00,40.56
5/4/2021 16:00:00,41
5/5/2021 16:00:00,41.39
5/6/2021 16:00:00,42.01
5/7/2021 16:00:00,42.18
5/10/2021 16:00:00,42.05
5/11/2021 16:00:00,41.57
5/12/2021 16:00:00,41.18
5/13/2021 16:00:00,41.84
5/14/2021 16:00:00,42.36
5/17/2021 16:00:00,42.74
5/18/2021 16:00:00,42.16
5/19/2021 16:00:00,41.97
5/20/2021 16:00:00,41.87
5/21/2021 16:00:00,42.4
5/24/2021 16:00:00,42.63
5/25/2021 16:00:00,42.01
5/26/2021 16:00:00,42.04
5/27/2021 16:00:00,42.55
5/28/2021 16:00:00,42.39
6/1/2021 16:00:00,42.92
6/2/2021 16:00:00,42.94
6/3/2021 16:00:00,43.25
6/4/2021 16:00:00,43.27
6/7/2021 16:00:00,43.12
6/8/2021 16:00:00,42.88
6/9/2021 16:00:00,42.32
6/10/2021 16:00:00,41.69
6/11/2021 16:00:00,41.86
6/14/2021 16:00:00,41.36
6/15/2021 16:00:00,41.39
6/16/2021 16:00:00,41.62
6/17/2021 16:00:00,39.8
6/18/2021 16:00:00,38.78
6/21/2021 16:00:00,39.75
6/22/2021 16:00:00,39.97
6/23/2021 16:00:00,40.2
6/24/2021 16:00:00,40.83
6/25/2021 16:00:00,41.62
6/28/2021 16:00:00,41.56
6/29/2021 16:00:00,40.89
6/30/2021 16:00:00,41.23
7/1/2021 16:00:00,41.54
7/2/2021 16:00:00,41.15
7/6/2021 16:00:00,40.07
7/7/2021 16:00:00,39.75
7/8/2021 16:00:00,38.78
7/9/2021 16:00:00,40.04
7/12/2021 16:00:00,40.63
7/13/2021 16:00:00,39.86
7/14/2021 16:00:00,38.86
7/15/2021 16:00:00,38.83
7/16/2021 16:00:00,37.92
7/19/2021 16:00:00,36.93
7/20/2021 16:00:00,37.69
7/21/2021 16:00:00,38.46
7/22/2021 16:00:00,37.96
7/23/2021 16:00:00,37.7
7/26/2021 16:00:00,38.13
7/27/2021 16:00:00,37.98
7/28/2021 16:00:00,38.13
7/29/2021 16:00:00,38.68
7/30/2021 16:00:00,38.36
8/2/2021 16:00:00,37.96
8/3/2021 16:00:00,38.55
8/4/2021 16:00:00,38.27
8/5/2021 16:00:00,39.02
8/6/2021 16:00:00,40.15
8/9/2021 16:00:00,40.67
8/10/2021 16:00:00,41.43
8/11/2021 16:00:00,41.95
8/12/2021 16:00:00,42.15
8/13/2021 16:00:00,41.63
8/16/2021 16:00:00,41.29
8/17/2021 16:00:00,41.09
8/18/2021 16:00:00,40.79
8/19/2021 16:00:00,40.19
8/20/2021 16:00:00,40.37
8/23/2021 16:00:00,40.91
8/24/2021 16:00:00,41.48
8/25/2021 16:00:00,42.15
8/26/2021 16:00:00,42.04
8/27/2021 16:00:00,42.49
8/30/2021 16:00:00,41.66
8/31/2021 16:00:00,41.75
9/1/2021 16:00:00,41.19
9/2/2021 16:00:00,41.02
9/3/2021 16:00:00,41.05
9/7/2021 16:00:00,41.32
9/8/2021 16:00:00,40.78
9/9/2021 16:00:00,40.93
9/10/2021 16:00:00,40.27
9/13/2021 16:00:00,40.94
9/14/2021 16:00:00,39.84
9/15/2021 16:00:00,40.14
9/16/2021 16:00:00,40.45
9/17/2021 16:00:00,40.5
9/20/2021 16:00:00,39.11
9/21/2021 16:00:00,39.13
9/22/2021 16:00:00,40.14
9/23/2021 16:00:00,41.69
9/24/2021 16:00:00,42.14
9/27/2021 16:00:00,43.26
9/28/2021 16:00:00,43.16
9/29/2021 16:00:00,43.07
9/30/2021 16:00:00,42.45
10/1/2021 16:00:00,43.08
10/4/2021 16:00:00,43.34
10/5/2021 16:00:00,44.22
10/6/2021 16:00:00,44.24
10/7/2021 16:00:00,44.12
10/8/2021 16:00:00,44.34
10/11/2021 16:00:00,43.78
10/12/2021 16:00:00,43.54
10/13/2021 16:00:00,43.14
10/14/2021 16:00:00,45.07
10/15/2021 16:00:00,46.37
10/18/2021 16:00:00,46.28
10/19/2021 16:00:00,46.48
10/20/2021 16:00:00,47.09
10/21/2021 16:00:00,46.83
10/22/2021 16:00:00,47.57
10/25/2021 16:00:00,47.51
10/26/2021 16:00:00,47.96
10/27/2021 16:00:00,47.04
10/28/2021 16:00:00,47.78
10/29/2021 16:00:00,47.78
11/1/2021 16:00:00,47.85
11/2/2021 16:00:00,47.88
11/3/2021 16:00:00,48.37
11/4/2021 16:00:00,47.33
11/5/2021 16:00:00,46.97
11/8/2021 16:00:00,47.34
11/9/2021 16:00:00,46.88
11/10/2021 16:00:00,47.23
11/11/2021 16:00:00,47.49
11/12/2021 16:00:00,46.91
11/15/2021 16:00:00,47.05
11/16/2021 16:00:00,47.08
11/17/2021 16:00:00,46.51
11/18/2021 16:00:00,46.32
11/19/2021 16:00:00,45.4
11/22/2021 16:00:00,46.28
11/23/2021 16:00:00,47.5
11/24/2021 16:00:00,47.63
11/26/2021 13:00:00,45.76
11/29/2021 16:00:00,45.59
11/30/2021 16:00:00,44.47
12/1/2021 16:00:00,43.84
12/2/2021 16:00:00,44.89
12/3/2021 16:00:00,43.87
12/6/2021 16:00:00,44.15
12/7/2021 16:00:00,44.71
12/8/2021 16:00:00,44.16
12/9/2021 16:00:00,44.49
12/10/2021 16:00:00,44.52
12/13/2021 16:00:00,43.58
12/14/2021 16:00:00,44.13
12/15/2021 16:00:00,43.94
12/16/2021 16:00:00,45
12/17/2021 16:00:00,43.88
12/20/2021 16:00:00,43.16
12/21/2021 16:00:00,44.19
12/22/2021 16:00:00,44.28
12/23/2021 16:00:00,44.42
12/27/2021 16:00:00,44.64
12/28/2021 16:00:00,44.7
12/29/2021 16:00:00,44.63
12/30/2021 16:00:00,44.53
12/31/2021 16:00:00,44.49
1/3/2022 16:00:00,46.18
1/4/2022 16:00:00,47.99
1/5/2022 16:00:00,47.18
1/6/2022 16:00:00,48.13
1/7/2022 16:00:00,49.18
1/10/2022 16:00:00,48.93
1/11/2022 16:00:00,49.21
1/12/2022 16:00:00,48.86
1/13/2022 16:00:00,48.76
1/14/2022 16:00:00,47.91
1/18/2022 16:00:00,46.26
1/19/2022 16:00:00,46.44
1/20/2022 16:00:00,45.75
1/21/2022 16:00:00,44.92
1/24/2022 16:00:00,44.55
1/25/2022 16:00:00,45.43
1/26/2022 16:00:00,45.9
1/27/2022 16:00:00,45.47
1/28/2022 16:00:00,45.87
1/31/2022 16:00:00,46.14
2/1/2022 16:00:00,46.94
2/2/2022 16:00:00,46.89
2/3/2022 16:00:00,46.43
2/4/2022 16:00:00,48.28
2/7/2022 16:00:00,48.51
2/8/2022 16:00:00,49.38
2/9/2022 16:00:00,49.28
2/10/2022 16:00:00,49.05
2/11/2022 16:00:00,47.92
2/14/2022 16:00:00,47.42
2/15/2022 16:00:00,47.79
2/16/2022 16:00:00,47.68
2/17/2022 16:00:00,46.07
2/18/2022 16:00:00,45.96
2/22/2022 16:00:00,45.56
2/23/2022 16:00:00,44.78
2/24/2022 16:00:00,43.6
2/25/2022 16:00:00,45.02
2/28/2022 16:00:00,44.2
3/1/2022 16:00:00,42.47
3/2/2022 16:00:00,43.16
3/3/2022 16:00:00,42.49
3/4/2022 16:00:00,40.95
3/7/2022 16:00:00,38.34
3/8/2022 16:00:00,38.59
3/9/2022 16:00:00,41.04
3/10/2022 16:00:00,40.67
3/11/2022 16:00:00,40.33
3/14/2022 16:00:00,41.2
3/15/2022 16:00:00,41.5
3/16/2022 16:00:00,42.8
3/17/2022 16:00:00,43.03
3/18/2022 16:00:00,42.9
3/21/2022 16:00:00,42.84
3/22/2022 16:00:00,44.18
3/23/2022 16:00:00,43.09
3/24/2022 16:00:00,43.07
3/25/2022 16:00:00,43.73
3/28/2022 16:00:00,43.55
3/29/2022 16:00:00,43.44
3/30/2022 16:00:00,43
3/31/2022 16:00:00,41.22
4/1/2022 16:00:00,40.9
4/4/2022 16:00:00,40.83
4/5/2022 16:00:00,40.14
4/6/2022 16:00:00,39.7
4/7/2022 16:00:00,39.39
4/8/2022 16:00:00,39.67
4/11/2022 16:00:00,39.59
4/12/2022 16:00:00,39.17
4/13/2022 16:00:00,38.82
4/14/2022 16:00:00,37.57
4/18/2022 16:00:00,38.85
4/19/2022 16:00:00,39.57
4/20/2022 16:00:00,39.66
4/21/2022 16:00:00,38.91
4/22/2022 16:00:00,37.56
4/25/2022 16:00:00,37.29
4/26/2022 16:00:00,36.45
4/27/2022 16:00:00,36.25
4/28/2022 16:00:00,36.81
4/29/2022 16:00:00,35.68
5/2/2022 16:00:00,36.14
5/3/2022 16:00:00,37.13
5/4/2022 16:00:00,38.62
5/5/2022 16:00:00,37.54
5/6/2022 16:00:00,37.45
5/9/2022 16:00:00,36.37
5/10/2022 16:00:00,35.76
5/11/2022 16:00:00,35.57
5/12/2022 16:00:00,35.07
5/13/2022 16:00:00,35.17
5/16/2022 16:00:00,34.81
5/17/2022 16:00:00,35.99
5/18/2022 16:00:00,34.88
5/19/2022 16:00:00,34.45
5/20/2022 16:00:00,33.86
5/23/2022 16:00:00,35.87
5/24/2022 16:00:00,35.65
5/25/2022 16:00:00,35.84
5/26/2022 16:00:00,36.67
5/27/2022 16:00:00,37.02
5/31/2022 16:00:00,37.2
6/1/2022 16:00:00,36.67
6/2/2022 16:00:00,36.7
6/3/2022 16:00:00,36.19
6/6/2022 16:00:00,36.15
6/7/2022 16:00:00,36.35
6/8/2022 16:00:00,35.89
6/9/2022 16:00:00,34.51
6/10/2022 16:00:00,33.17
6/13/2022 16:00:00,32.02
6/14/2022 16:00:00,31.46
6/15/2022 16:00:00,32.05
6/16/2022 16:00:00,31.85
6/17/2022 16:00:00,31.92
6/21/2022 16:00:00,32.85
6/22/2022 16:00:00,32.6
6/23/2022 16:00:00,32.08
6/24/2022 16:00:00,32.31
6/27/2022 16:00:00,32.35
6/28/2022 16:00:00,32.26
6/29/2022 16:00:00,31.86
6/30/2022 16:00:00,31.13
7/1/2022 16:00:00,31.56
7/5/2022 16:00:00,31.24
7/6/2022 16:00:00,30.98
7/7/2022 16:00:00,31.86
7/8/2022 16:00:00,31.79
7/11/2022 16:00:00,31.46
7/12/2022 16:00:00,31.36
7/13/2022 16:00:00,30.84
7/14/2022 16:00:00,30.13
7/15/2022 16:00:00,32.25
7/18/2022 16:00:00,32.26
7/19/2022 16:00:00,33.35
7/20/2022 16:00:00,33.36
7/21/2022 16:00:00,33.65
7/22/2022 16:00:00,33.43
7/25/2022 16:00:00,33.73
7/26/2022 16:00:00,33.05
7/27/2022 16:00:00,33.59
7/28/2022 16:00:00,33.32
7/29/2022 16:00:00,33.81
8/1/2022 16:00:00,33.71
8/2/2022 16:00:00,33.04
8/3/2022 16:00:00,33.64
8/4/2022 16:00:00,33.4
8/5/2022 16:00:00,33.96
8/8/2022 16:00:00,33.49
8/9/2022 16:00:00,33.92
8/10/2022 16:00:00,35.07
8/11/2022 16:00:00,35.91
8/12/2022 16:00:00,36.3
8/15/2022 16:00:00,36.25
8/16/2022 16:00:00,36.64
8/17/2022 16:00:00,36.41
8/18/2022 16:00:00,36.28
8/19/2022 16:00:00,35.48
8/22/2022 16:00:00,34.72
8/23/2022 16:00:00,34.41
8/24/2022 16:00:00,34.52
8/25/2022 16:00:00,35.14
8/26/2022 16:00:00,34.03
8/29/2022 16:00:00,33.9
8/30/2022 16:00:00,34.09
8/31/2022 16:00:00,33.61
9/1/2022 16:00:00,33.47
9/2/2022 16:00:00,33.43
9/6/2022 16:00:00,33.06
9/7/2022 16:00:00,33.57
9/8/2022 16:00:00,34.65
9/9/2022 16:00:00,34.94
9/12/2022 16:00:00,35.27
9/13/2022 16:00:00,34
9/14/2022 16:00:00,33.87
9/15/2022 16:00:00,34.51
9/16/2022 16:00:00,34.12
9/19/2022 16:00:00,34.69
9/20/2022 16:00:00,34.17
9/21/2022 16:00:00,33.15
9/22/2022 16:00:00,32.5
9/23/2022 16:00:00,31.73
9/26/2022 16:00:00,31.03
9/27/2022 16:00:00,30.57
9/28/2022 16:00:00,31.07
9/29/2022 16:00:00,30.66
9/30/2022 16:00:00,30.2
10/3/2022 16:00:00,31.09
10/4/2022 16:00:00,32.38
10/5/2022 16:00:00,31.92
10/6/2022 16:00:00,31.46
10/7/2022 16:00:00,30.75
10/10/2022 16:00:00,30.66
10/11/2022 16:00:00,29.77
10/12/2022 16:00:00,29.86
10/13/2022 16:00:00,31.69
10/14/2022 16:00:00,31.7
10/17/2022 16:00:00,33.62
10/18/2022 16:00:00,34.88
10/19/2022 16:00:00,33.92
10/20/2022 16:00:00,33.7
10/21/2022 16:00:00,34.95
10/24/2022 16:00:00,35.07
10/25/2022 16:00:00,35.39
10/26/2022 16:00:00,35.7
10/27/2022 16:00:00,35.87
10/28/2022 16:00:00,36.18
10/31/2022 16:00:00,36.04
11/1/2022 16:00:00,36.2
11/2/2022 16:00:00,36.09
11/3/2022 16:00:00,35.89
11/4/2022 16:00:00,36.79
11/7/2022 16:00:00,37.01
11/8/2022 16:00:00,37.11
11/9/2022 16:00:00,36.52
11/10/2022 16:00:00,38.13
11/11/2022 16:00:00,38.41
11/14/2022 16:00:00,37.76
11/15/2022 16:00:00,37.7
11/16/2022 16:00:00,37.36
11/17/2022 16:00:00,37.17
11/18/2022 16:00:00,37.19
11/21/2022 16:00:00,37.31
11/22/2022 16:00:00,37.49
11/23/2022 16:00:00,37.61
11/25/2022 13:00:00,37.7
11/28/2022 16:00:00,36.86
11/29/2022 16:00:00,37
11/30/2022 16:00:00,37.85
12/1/2022 16:00:00,36.55
12/2/2022 16:00:00,36.08
12/5/2022 16:00:00,34.47
12/6/2022 16:00:00,33
12/7/2022 16:00:00,32.74
12/8/2022 16:00:00,32.44
12/9/2022 16:00:00,32.38
12/12/2022 16:00:00,32.73
12/13/2022 16:00:00,32.75
12/14/2022 16:00:00,32.28
12/15/2022 16:00:00,31.77
12/16/2022 16:00:00,31.7
12/19/2022 16:00:00,32.06
12/20/2022 16:00:00,32.19
12/21/2022 16:00:00,32.68
12/22/2022 16:00:00,32.39
12/23/2022 16:00:00,32.47
12/27/2022 16:00:00,32.53
12/28/2022 16:00:00,32.77
12/29/2022 16:00:00,33.14
12/30/2022 16:00:00,33.12
1/3/2023 16:00:00,33.51
1/4/2023 16:00:00,34.14
1/5/2023 16:00:00,34.07
1/6/2023 16:00:00,34.41
1/9/2023 16:00:00,33.89
1/10/2023 16:00:00,34.12
1/11/2023 16:00:00,34.38
1/12/2023 16:00:00,34.47
1/13/2023 16:00:00,35.23
1/17/2023 16:00:00,34.52
1/18/2023 16:00:00,33.72
1/19/2023 16:00:00,33.23
1/20/2023 16:00:00,33.85
1/23/2023 16:00:00,34.32
1/24/2023 16:00:00,34.57
1/25/2023 16:00:00,34.87
1/26/2023 16:00:00,35.34
1/27/2023 16:00:00,35.45
1/30/2023 16:00:00,35.3
1/31/2023 16:00:00,35.48
2/1/2023 16:00:00,35.92
2/2/2023 16:00:00,36.13
2/3/2023 16:00:00,36.43
2/6/2023 16:00:00,36.37
2/7/2023 16:00:00,36.77
2/8/2023 16:00:00,36.5
2/9/2023 16:00:00,35.72
2/10/2023 16:00:00,35.58
2/13/2023 16:00:00,35.65
2/14/2023 16:00:00,35.62
2/15/2023 16:00:00,35.56
2/16/2023 16:00:00,35.28
2/17/2023 16:00:00,35.35
2/21/2023 16:00:00,34.52
2/22/2023 16:00:00,34.29
2/23/2023 16:00:00,34.26
2/24/2023 16:00:00,34.21
2/27/2023 16:00:00,34.21
2/28/2023 16:00:00,34.3
3/1/2023 16:00:00,34.14
3/2/2023 16:00:00,33.49
3/3/2023 16:00:00,34.16
3/6/2023 16:00:00,34.09
3/7/2023 16:00:00,33
3/8/2023 16:00:00,32.56
3/9/2023 16:00:00,30.54
3/10/2023 16:00:00,30.27
3/13/2023 16:00:00,28.51
3/14/2023 16:00:00,28.76
3/15/2023 16:00:00,28.49
3/16/2023 16:00:00,28.97
3/17/2023 16:00:00,27.82
3/20/2023 16:00:00,27.75
3/21/2023 16:00:00,28.59
3/22/2023 16:00:00,27.64
3/23/2023 16:00:00,26.97
3/24/2023 16:00:00,27.14
3/27/2023 16:00:00,28.49
3/28/2023 16:00:00,28.12
3/29/2023 16:00:00,28.67
3/30/2023 16:00:00,28.3
3/31/2023 16:00:00,28.6
4/3/2023 16:00:00,28.59
4/4/2023 16:00:00,27.98
4/5/2023 16:00:00,27.64
4/6/2023 16:00:00,27.84
4/10/2023 16:00:00,27.94
4/11/2023 16:00:00,28.71
4/12/2023 16:00:00,28.48
4/13/2023 16:00:00,28.56
4/14/2023 16:00:00,29.52
4/17/2023 16:00:00,30.37
4/18/2023 16:00:00,30.56
4/19/2023 16:00:00,30.06
4/20/2023 16:00:00,29.9
4/21/2023 16:00:00,29.87
4/24/2023 16:00:00,29.76
4/25/2023 16:00:00,28.84
4/26/2023 16:00:00,28.44
4/27/2023 16:00:00,28.89
4/28/2023 16:00:00,29.28
5/1/2023 16:00:00,29.04
5/2/2023 16:00:00,28.16
5/3/2023 16:00:00,27.86
5/4/2023 16:00:00,26.99
5/5/2023 16:00:00,27.71
5/8/2023 16:00:00,27.69
5/9/2023 16:00:00,27.66
5/10/2023 16:00:00,27.32
5/11/2023 16:00:00,27.39
5/12/2023 16:00:00,27.09
5/15/2023 16:00:00,27.65
5/16/2023 16:00:00,27.36
5/17/2023 16:00:00,28.57
5/18/2023 16:00:00,28.47
5/19/2023 16:00:00,28.11
5/22/2023 16:00:00,28.34
5/23/2023 16:00:00,28.58
5/24/2023 16:00:00,28.1
5/25/2023 16:00:00,28.17
5/26/2023 16:00:00,28.31
5/30/2023 16:00:00,28.26
5/31/2023 16:00:00,27.79
6/1/2023 16:00:00,27.78
6/2/2023 16:00:00,28.71
6/5/2023 16:00:00,28.54
6/6/2023 16:00:00,29.23
6/7/2023 16:00:00,29.48
6/8/2023 16:00:00,29.23
6/9/2023 16:00:00,29.27
6/12/2023 16:00:00,29.13
6/13/2023 16:00:00,29.4
6/14/2023 16:00:00,29.12
6/15/2023 16:00:00,29.37
6/16/2023 16:00:00,29.19
6/20/2023 16:00:00,28.87
6/21/2023 16:00:00,28.57
6/22/2023 16:00:00,27.96
6/23/2023 16:00:00,27.75
6/26/2023 16:00:00,28.09
6/27/2023 16:00:00,28.24
6/28/2023 16:00:00,28.07
6/29/2023 16:00:00,28.66
6/30/2023 16:00:00,28.69
7/3/2023 13:00:00,29.2
7/5/2023 16:00:00,29.08
7/6/2023 16:00:00,28.28
7/7/2023 16:00:00,28.53
7/10/2023 16:00:00,28.66
7/11/2023 16:00:00,29.02
7/12/2023 16:00:00,29.36
7/13/2023 16:00:00,29.67
7/14/2023 16:00:00,29.11
7/17/2023 16:00:00,29.4
7/18/2023 16:00:00,30.7
7/19/2023 16:00:00,31.53
7/20/2023 16:00:00,31.69
7/21/2023 16:00:00,31.98
7/24/2023 16:00:00,32.65
7/25/2023 16:00:00,32.15
7/26/2023 16:00:00,32.41
7/27/2023 16:00:00,31.95
7/28/2023 16:00:00,31.9
7/31/2023 16:00:00,32
8/1/2023 16:00:00,31.62
8/2/2023 16:00:00,31.19
8/3/2023 16:00:00,31.41
8/4/2023 16:00:00,31.3
8/7/2023 16:00:00,31.88
8/8/2023 16:00:00,31.27
8/9/2023 16:00:00,30.86
8/10/2023 16:00:00,30.94
8/11/2023 16:00:00,31.29
8/14/2023 16:00:00,30.93
8/15/2023 16:00:00,29.94
8/16/2023 16:00:00,29.29
8/17/2023 16:00:00,29.28
8/18/2023 16:00:00,29.11
8/21/2023 16:00:00,29.15
8/22/2023 16:00:00,28.44
8/23/2023 16:00:00,28.45
8/24/2023 16:00:00,28.62
8/25/2023 16:00:00,28.5
8/28/2023 16:00:00,28.76
8/29/2023 16:00:00,29.17
8/30/2023 16:00:00,29.04
8/31/2023 16:00:00,28.67
9/1/2023 16:00:00,28.98
9/5/2023 16:00:00,28.65
9/6/2023 16:00:00,28.39
9/7/2023 16:00:00,28.13
9/8/2023 16:00:00,28.36
9/11/2023 16:00:00,28.48
9/12/2023 16:00:00,28.97
9/13/2023 16:00:00,28.88
9/14/2023 16:00:00,29.2
9/15/2023 16:00:00,28.84
9/18/2023 16:00:00,28.76
9/19/2023 16:00:00,28.65
9/20/2023 16:00:00,28.55
9/21/2023 16:00:00,28.05
9/22/2023 16:00:00,27.64
9/25/2023 16:00:00,27.6
9/26/2023 16:00:00,27.17
9/27/2023 16:00:00,27.27
9/28/2023 16:00:00,27.56
9/29/2023 16:00:00,27.38
10/2/2023 16:00:00,26.7
10/3/2023 16:00:00,25.91
10/4/2023 16:00:00,25.94
10/5/2023 16:00:00,26.06
10/6/2023 16:00:00,26.07
10/9/2023 16:00:00,26.31
10/10/2023 16:00:00,27.01
10/11/2023 16:00:00,27.02
10/12/2023 16:00:00,26.9
10/13/2023 16:00:00,26.76
10/16/2023 16:00:00,26.99
10/17/2023 16:00:00,27.62
10/18/2023 16:00:00,27.31
10/19/2023 16:00:00,26.96
10/20/2023 16:00:00,26.31
10/23/2023 16:00:00,25.57
10/24/2023 16:00:00,25.47
10/25/2023 16:00:00,25.55
10/26/2023 16:00:00,26.12
10/27/2023 16:00:00,25.17
10/30/2023 16:00:00,25.69
10/31/2023 16:00:00,26.34
11/1/2023 16:00:00,26.4
11/2/2023 16:00:00,27.62
11/3/2023 16:00:00,28.42
11/6/2023 16:00:00,28.33
11/7/2023 16:00:00,28.16
11/8/2023 16:00:00,27.89
11/9/2023 16:00:00,27.53
11/10/2023 16:00:00,27.68
11/13/2023 16:00:00,27.7
11/14/2023 16:00:00,29.22
11/15/2023 16:00:00,29.62
11/16/2023 16:00:00,29.54
11/17/2023 16:00:00,29.98
11/20/2023 16:00:00,30.01
11/21/2023 16:00:00,29.66
11/22/2023 16:00:00,29.63
11/24/2023 13:00:00,29.73
11/27/2023 16:00:00,29.56
11/28/2023 16:00:00,29.53
11/29/2023 16:00:00,30.31
11/30/2023 16:00:00,30.49
12/1/2023 16:00:00,30.96
12/4/2023 16:00:00,30.82
12/5/2023 16:00:00,30.58
12/6/2023 16:00:00,30.53
12/7/2023 16:00:00,30.66
12/8/2023 16:00:00,30.96
12/11/2023 16:00:00,30.85
12/12/2023 16:00:00,30.74
12/13/2023 16:00:00,32.04
12/14/2023 16:00:00,33.94
12/15/2023 16:00:00,33.6
12/18/2023 16:00:00,33.43
12/19/2023 16:00:00,33.51
12/20/2023 16:00:00,32.98
12/21/2023 16:00:00,33.2
12/22/2023 16:00:00,33.43
12/26/2023 16:00:00,33.86
12/27/2023 16:00:00,33.84
12/28/2023 16:00:00,33.88
12/29/2023 16:00:00,33.67