Date,Bank Index,WFC Close Price,JPM Close Price,BAC Close Price
2019-01-02,3.934000015258789,46.94,99.31,24.96
2019-01-03,3.942500114440918,46.57,97.11,24.56
2019-01-04,4.014249801635742,47.95,100.69,25.58
2019-01-07,4.064499855041504,47.64,100.76,25.56
2019-01-08,4.033750057220459,47.54,100.57,25.51
2019-01-09,4.109499931335449,47.8,100.4,25.76
2019-01-10,4.110249996185303,47.75,100.39,25.73
2019-01-11,4.105999946594238,47.87,99.91,26.03
2019-01-14,4.138500213623047,48.42,100.94,26.37
2019-01-15,4.160749912261963,47.67,101.68,26.55
2019-01-16,4.293749809265137,48.94,102.5,28.45
2019-01-17,4.302499771118164,49.23,102.92,28.99
2019-01-18,4.426249980926514,50.01,104.59,29.3
2019-01-22,4.425250053405762,49.86,102.94,29.09
2019-01-23,4.399499893188477,50.12,102.68,28.92
2019-01-24,4.422749996185303,49.98,102.74,29.08
2019-01-25,4.459750175476074,50.13,103.39,29.58
2019-01-28,4.459499835968018,49.82,103.88,29.63
2019-01-29,4.479000091552734,49.85,104.17,29.39
2019-01-30,4.4629998207092285,50.09,104.41,29.07
2019-01-31,4.366000175476074,48.91,103.5,28.47
2019-02-01,4.429749965667725,48.91,103.88,28.38
2019-02-04,4.432000160217285,49.06,104.25,28.88
2019-02-05,4.421500205993652,49.27,103.79,28.78
2019-02-06,4.418000221252441,49.22,103.74,28.73
2019-02-07,4.446750164031982,48.08,102.38,28.24
2019-02-08,4.406750202178955,47.65,101.36,28.29
2019-02-11,4.442249774932861,47.65,100.88,28.41
2019-02-12,4.533999919891357,49.05,102.6,28.69
2019-02-13,4.518249988555908,49.02,103.09,28.7
2019-02-14,4.456500053405762,48.52,102.42,28.39
2019-02-15,4.564499855041504,49.22,105.55,29.11
2019-02-19,4.564000129699707,49.38,105.18,29.13
2019-02-20,4.607999801635742,49.81,105.69,29.41
2019-02-21,4.604499816894531,49.56,105.47,29.29
2019-02-22,4.624000072479248,49.02,105.0,29.08
2019-02-25,4.658750057220459,49.66,106.1,29.27
2019-02-26,4.626500129699707,49.59,105.29,29.29
2019-02-27,4.612750053405762,49.9,105.16,29.53
2019-02-28,4.6267499923706055,49.89,104.36,29.08
2019-03-01,4.625999927520752,50.03,104.43,29.31
2019-03-04,4.627749919891357,50.11,104.19,29.03
2019-03-05,4.578499794006348,49.89,104.11,29.08
2019-03-06,4.591000080108643,49.82,103.72,28.84
2019-03-07,4.48799991607666,49.68,102.97,28.55
2019-03-08,4.464000225067139,49.8,103.01,28.65
2019-03-11,4.509500026702881,49.76,104.35,28.94
2019-03-12,4.513000011444092,49.65,104.04,28.94
2019-03-13,4.553500175476074,49.92,104.39,29.29
2019-03-14,4.577250003814697,50.35,105.34,29.46
2019-03-15,4.594250202178955,50.66,106.55,29.3
2019-03-18,4.648250102996826,51.73,107.19,29.82
2019-03-19,4.627999782562256,51.41,106.8,29.65
2019-03-20,4.500999927520752,50.4,104.52,28.64
2019-03-21,4.36175012588501,49.86,102.87,28.18
2019-03-22,4.148250102996826,48.31,99.76,27.01
2019-03-25,4.152500152587891,48.08,98.93,26.84
2019-03-26,4.18625020980835,49.01,99.92,27.21
2019-03-27,4.216000080108643,48.77,99.58,27.03
2019-03-28,4.224249839782715,49.09,100.71,27.33
2019-03-29,4.275750160217285,48.32,101.23,27.59
2019-04-01,4.372250080108643,48.81,104.64,28.54
2019-04-02,4.423999786376953,48.21,105.14,28.87
2019-04-03,4.4332499504089355,48.86,105.35,28.84
2019-04-04,4.486000061035156,49.17,105.56,29.15
2019-04-05,4.461999893188477,48.78,105.31,29.08
2019-04-08,4.4710001945495605,48.88,105.65,29.17
2019-04-09,4.427750110626221,48.14,104.87,28.89
2019-04-10,4.404749870300293,47.79,105.34,29.07
2019-04-11,4.461750030517578,47.74,106.23,29.07
2019-04-12,4.525000095367432,46.49,111.21,30.17
2019-04-15,4.5269999504089355,46.77,109.94,29.84
2019-04-16,4.5279998779296875,47.65,111.1,29.88
2019-04-17,4.578249931335449,47.55,114.3,30.03
2019-04-18,4.579999923706055,47.58,113.46,30.03
2019-04-23,4.576499938964844,47.35,113.74,30.07
2019-04-24,4.5657501220703125,47.48,113.55,30.02
2019-04-25,4.598750114440918,47.51,113.61,30.08
2019-04-26,4.613999843597412,47.96,114.47,30.35
2019-04-29,4.701000213623047,48.27,116.12,30.77
2019-04-30,4.667500019073486,48.41,116.05,30.58
2019-05-01,4.670000076293945,48.23,115.16,30.26
2019-05-02,4.64300012588501,48.3,115.41,30.5
2019-05-03,4.7204999923706055,48.65,116.12,30.71
2019-05-07,4.6282501220703125,47.17,113.21,29.92
2019-05-08,4.603250026702881,47.0,112.61,29.8
2019-05-09,4.515999794006348,46.74,112.52,29.71
2019-05-10,4.520999908447266,47.15,112.51,29.58
2019-05-13,4.456500053405762,46.33,109.45,28.25
2019-05-14,4.463749885559082,46.49,110.32,28.62
2019-05-15,4.40625,45.84,109.9,28.29
2019-05-16,4.4695000648498535,45.9,111.31,28.59
2019-05-17,4.4710001945495605,45.7,110.77,28.4
2019-05-20,4.453000068664551,45.45,111.35,28.4
2019-05-21,4.481500148773193,46.33,111.73,28.69
2019-05-22,4.460999965667725,46.1,110.82,28.49
2019-05-23,4.368249893188477,45.56,108.64,27.76
2019-05-24,4.385749816894531,46.17,109.71,28.18
2019-05-28,4.394750118255615,45.59,108.52,27.9
2019-05-29,4.326250076293945,45.48,108.22,27.75
2019-05-30,4.333499908447266,45.05,107.06,27.16
2019-05-31,4.262499809265137,44.37,105.96,26.6
2019-06-03,4.2522501945495605,44.52,106.46,26.68
2019-06-04,4.396249771118164,45.68,109.74,27.92
2019-06-05,4.392499923706055,45.86,110.13,27.91
2019-06-06,4.403749942779541,45.92,110.37,27.88
2019-06-07,4.381249904632568,45.63,109.16,27.53
2019-06-10,4.472249984741211,46.27,110.34,28.07
2019-06-11,4.492000102996826,46.26,110.68,28.24
2019-06-12,4.426750183105469,44.91,109.27,27.95
2019-06-13,4.443749904632568,45.29,109.54,27.94
2019-06-14,4.413249969482422,45.59,109.82,28.04
2019-06-17,4.459000110626221,45.27,109.22,27.93
2019-06-18,4.464749813079834,46.1,110.71,28.62
2019-06-19,4.5,45.65,109.91,28.32
2019-06-20,4.367000102996826,45.86,110.19,28.27
2019-06-21,4.4629998207092285,46.89,109.44,28.12
2019-06-24,4.4332499504089355,46.27,108.66,27.98
2019-06-25,4.392499923706055,46.14,107.76,27.76
2019-06-26,4.4332499504089355,45.8,108.48,27.91
2019-06-27,4.447000026702881,46.29,108.84,28.21
2019-06-28,4.525000095367432,47.32,111.8,29.0
2019-07-01,4.578999996185303,47.69,113.68,29.42
2019-07-02,4.539000034332275,47.23,113.8,29.15
2019-07-03,4.559000015258789,47.66,112.82,29.05
2019-07-05,4.604249954223633,47.77,113.49,29.26
2019-07-08,4.580749988555908,47.53,112.87,29.2
2019-07-09,4.584000110626221,47.83,113.35,29.35
2019-07-10,4.542749881744385,47.15,113.02,29.02
2019-07-11,4.54925012588501,47.14,114.1,29.36
2019-07-12,4.587250232696533,47.36,115.3,29.45
2019-07-15,4.565499782562256,46.71,113.9,29.22
2019-07-16,4.538750171661377,45.3,115.12,28.99
2019-07-17,4.514500141143799,45.21,113.99,29.19
2019-07-18,4.533999919891357,45.82,114.67,29.48
2019-07-19,4.572500228881836,46.03,113.54,29.4
2019-07-22,4.546249866485596,46.48,114.27,29.57
2019-07-23,4.617000102996826,47.2,116.36,30.25
2019-07-24,4.665999889373779,48.45,116.83,30.67
2019-07-25,4.728499889373779,48.09,115.71,30.34
2019-07-26,4.729750156402588,49.3,116.22,30.77
2019-07-29,4.744500160217285,48.28,115.85,30.52
2019-07-30,4.690000057220459,48.55,115.59,30.89
2019-07-31,4.730999946594238,48.41,116.0,30.68
2019-08-01,4.715750217437744,47.06,112.94,29.49
2019-08-02,4.479750156402588,47.44,112.93,29.38
2019-08-05,4.365499973297119,46.14,109.57,28.08
2019-08-06,4.327000141143799,46.93,110.43,28.42
2019-08-07,4.266749858856201,45.81,108.03,27.89
2019-08-08,4.375249862670898,46.4,109.86,28.38
2019-08-09,4.326250076293945,46.3,109.74,28.33
2019-08-12,4.289750099182129,45.53,107.68,27.64
2019-08-13,4.335999965667725,45.96,109.34,27.72
2019-08-14,4.187250137329102,43.97,104.8,26.42
2019-08-15,4.152750015258789,43.38,105.2,26.25
2019-08-16,4.238249778747559,44.39,107.72,27.03
2019-08-19,4.303500175476074,45.25,108.69,27.27
2019-08-20,4.2532501220703125,44.68,107.31,26.72
2019-08-21,4.242249965667725,45.0,107.61,26.93
2019-08-22,4.266749858856201,45.62,108.72,27.19
2019-08-23,4.218500137329102,44.42,106.02,26.47
2019-08-27,4.148499965667725,44.75,105.74,26.47
2019-08-28,4.199749946594238,45.47,106.8,26.85
2019-08-29,4.296750068664551,46.19,109.22,27.33
2019-08-30,4.307750225067139,46.57,109.86,27.51
2019-09-03,4.204750061035156,46.09,108.56,27.05
2019-09-04,4.267250061035156,46.5,109.87,27.49
2019-09-05,4.4095001220703125,47.62,112.37,28.12
2019-09-06,4.382750034332275,47.15,112.61,27.73
2019-09-09,4.486000061035156,48.41,115.4,28.63
2019-09-10,4.533249855041504,48.31,116.87,29.35
2019-09-11,4.584750175476074,48.85,117.19,29.46
2019-09-12,4.603000164031982,48.65,117.91,29.67
2019-09-13,4.702000141143799,48.92,120.23,30.17
2019-09-16,4.678999900817871,48.98,119.16,30.13
2019-09-17,4.617249965667725,48.76,118.57,29.94
2019-09-18,4.615499973297119,48.93,119.76,30.0
2019-09-19,4.6897501945495605,48.91,119.38,29.82
2019-09-20,4.6529998779296875,48.63,118.9,29.59
2019-09-23,4.610249996185303,48.96,118.88,29.52
2019-09-24,4.5970001220703125,48.65,117.33,28.94
2019-09-25,4.619500160217285,49.26,118.0,29.25
2019-09-26,4.590250015258789,48.87,117.03,29.13
2019-09-27,4.651249885559082,50.71,117.72,29.35
2019-09-30,4.620999813079834,50.44,117.69,29.17
2019-10-01,4.570000171661377,49.06,115.55,28.44
2019-10-02,4.422500133514404,48.47,113.25,27.84
2019-10-03,4.391749858856201,48.48,112.19,27.81
2019-10-04,4.4407501220703125,49.21,114.62,28.37
2019-10-07,4.505000114440918,48.81,114.37,28.31
2019-10-08,4.386250019073486,47.82,111.82,27.63
2019-10-09,4.395750045776367,48.15,112.63,27.89
2019-10-10,4.482999801635742,48.65,114.21,28.45
2019-10-11,4.600500106811523,49.21,116.14,28.91
2019-10-14,4.551000118255615,49.27,116.45,29.14
2019-10-15,4.635000228881836,50.11,119.96,29.73
2019-10-16,4.645750045776367,49.59,119.68,30.17
2019-10-17,4.612750053405762,49.61,120.35,30.26
2019-10-18,4.645999908447266,49.97,120.56,30.35
2019-10-21,4.719250202178955,50.46,123.55,31.02
2019-10-22,4.742499828338623,50.62,124.79,31.2
2019-10-23,4.745999813079834,50.93,125.12,31.42
2019-10-24,4.739749908447266,51.1,125.03,31.36
2019-10-25,4.802750110626221,51.57,126.03,31.72
2019-10-28,4.835999965667725,51.65,126.51,31.84
2019-10-29,4.837500095367432,52.17,126.43,32.07
2019-10-30,4.782249927520752,52.03,125.73,31.62
2019-10-31,4.716750144958496,51.63,124.92,31.27
2019-11-01,4.822249889373779,52.18,127.8,31.8
2019-11-04,4.909999847412109,52.72,128.82,32.4
2019-11-05,4.980249881744385,53.3,129.1,32.82
2019-11-06,4.95674991607666,53.8,129.3,32.79
2019-11-07,5.039000034332275,54.0,130.0,33.23
2019-11-08,4.989749908447266,54.1,130.38,33.26
2019-11-11,4.975500106811523,54.05,129.92,33.18
2019-11-12,4.991499900817871,54.22,129.16,33.09
2019-11-13,4.930500030517578,53.29,128.48,32.79
2019-11-14,4.910749912261963,53.49,128.6,32.7
2019-11-15,4.949999809265137,53.8,129.53,32.93
2019-11-18,4.935500144958496,54.0,130.62,32.96
2019-11-19,4.9332499504089355,54.03,130.58,32.94
2019-11-20,4.939000129699707,53.54,129.63,32.69
2019-11-21,4.909249782562256,53.56,129.93,32.84
2019-11-22,4.958749771118164,54.28,130.79,33.18
2019-11-25,4.992499828338623,54.21,131.49,33.47
2019-11-26,4.971499919891357,53.81,131.67,33.35
2019-11-27,4.988749980926514,54.34,132.06,33.42
2019-11-29,5.007999897003174,54.46,131.76,33.32
2019-12-02,4.979249954223633,53.62,131.47,33.43
2019-12-03,4.849999904632568,52.58,129.78,32.84
2019-12-04,4.945250034332275,53.24,132.34,33.15
2019-12-05,4.951000213623047,53.23,133.06,33.09
2019-12-06,5.045000076293945,54.37,135.04,33.67
2019-12-09,5.034999847412109,53.92,134.41,33.51
2019-12-10,5.038000106811523,53.69,134.5,33.53
2019-12-11,5.021999835968018,53.17,134.18,33.64
2019-12-12,5.136000156402588,54.36,138.02,34.68
2019-12-13,5.104000091552734,53.79,136.81,34.44
2019-12-16,5.183000087738037,54.22,137.34,34.7
2019-12-17,5.168000221252441,54.34,138.18,35.04
2019-12-18,5.201499938964844,53.67,138.04,35.11
2019-12-19,5.178999900817871,53.63,137.35,34.95
2019-12-20,5.202499866485596,53.33,137.24,34.96
2019-12-23,5.165999889373779,53.81,137.2,35.17
2019-12-24,5.168000221252441,53.82,137.58,35.22
2019-12-27,5.178500175476074,53.92,139.14,35.35
2019-12-30,5.179999828338623,53.6,138.63,35.15
2019-12-31,5.1645002365112305,53.8,139.4,35.22
2020-01-02,5.169000148773193,53.75,141.09,35.64
2020-01-03,5.130000114440918,53.42,138.34,34.9
2020-01-06,5.087500095367432,53.1,138.23,34.85
2020-01-07,5.067999839782715,52.66,135.88,34.62
2020-01-08,5.064000129699707,52.82,136.94,34.97
2020-01-09,5.0920000076293945,52.73,137.44,35.03
2020-01-10,5.065999984741211,52.5,136.07,34.74
2020-01-13,5.054999828338623,52.11,137.2,35.06
2020-01-14,5.114999771118164,49.3,138.8,35.32
2020-01-15,5.021999835968018,48.32,136.72,34.67
2020-01-16,5.039999961853027,49.25,137.25,34.72
2020-01-17,5.059999942779541,49.18,138.2,34.71
2020-01-21,5.0269999504089355,48.94,136.84,34.26
2020-01-22,5.006999969482422,48.56,136.68,34.36
2020-01-23,4.963250160217285,48.22,136.54,34.12
2020-01-24,4.947000026702881,47.57,133.15,33.54
2020-01-27,4.840000152587891,47.1,132.03,32.85
2020-01-28,4.905749797821045,47.37,134.43,33.24
2020-01-29,4.9045000076293945,47.27,134.23,33.01
2020-01-30,4.813499927520752,47.91,135.89,33.48
2020-01-31,4.803500175476074,46.94,132.36,32.83
2020-02-03,4.851500034332275,47.12,133.37,32.97
2020-02-04,4.937250137329102,47.26,135.29,33.62
2020-02-05,5.011499881744385,48.31,137.59,34.71
2020-02-06,5.013999938964844,47.98,137.61,34.67
2020-02-07,4.9644999504089355,47.84,137.17,34.61
2020-02-10,4.944250106811523,47.77,137.74,34.69
2020-02-11,5.000999927520752,47.99,138.0,34.77
2020-02-12,5.013000011444092,47.79,138.0,34.92
2020-02-13,5.002999782562256,48.12,137.88,34.91
2020-02-14,5.013000011444092,48.22,137.46,34.85
2020-02-18,4.898749828338623,46.99,135.64,34.27
2020-02-19,4.973249912261963,47.09,137.49,34.72
2020-02-20,4.983250141143799,47.34,137.49,34.85
2020-02-21,4.928750038146973,47.7,135.81,34.36
2020-02-24,4.788750171661377,46.39,132.16,32.73
2020-02-25,4.688499927520752,45.12,126.26,31.08
2020-02-26,4.603499889373779,44.14,126.64,30.63
2020-02-27,4.385499954223633,42.47,121.37,29.13
2020-02-28,4.163750171661377,40.85,116.11,28.5
2020-03-02,4.23675012588501,42.26,121.52,29.37
2020-03-03,4.202250003814697,40.53,116.96,27.75
2020-03-04,4.179999828338623,41.4,119.85,28.39
2020-03-05,4.106500148773193,38.9,113.97,26.78
2020-03-06,3.869499921798706,37.09,108.08,25.71
2020-03-09,3.378499984741211,32.48,93.44,21.93
2020-03-10,3.311000108718872,35.08,100.7,23.61
2020-03-11,3.388499975204468,32.33,95.96,22.67
2020-03-12,2.9367499351501465,27.2,88.05,20.51
2020-03-13,3.1064999103546143,30.89,103.91,24.16
2020-03-16,2.9690001010894775,26.5,88.36,20.44
2020-03-17,3.0117499828338623,29.63,93.76,21.98
2020-03-18,2.857749938964844,28.12,83.89,20.79
2020-03-19,2.842250108718872,28.29,85.3,21.2
2020-03-20,2.8017499446868896,26.5,83.5,19.67
2020-03-23,2.5309998989105225,25.25,79.03,18.08
2020-03-24,2.846250057220459,28.92,88.43,21.03
2020-03-25,2.897749900817871,28.97,91.73,21.1
2020-03-26,3.0864999294281006,30.9,98.12,22.72
2020-03-27,3.0492498874664307,30.28,91.13,21.6
2020-03-30,3.017250061035156,29.92,93.5,22.04
2020-03-31,3.0399999618530273,28.7,90.03,21.23
2020-04-01,2.7502501010894775,26.57,84.36,19.77
2020-04-02,2.7834999561309814,27.22,87.51,20.57
2020-04-03,2.717250108718872,26.23,84.05,20.03
2020-04-06,2.836750030517578,28.63,89.46,21.39
2020-04-07,3.073499917984009,28.77,90.64,22.14
2020-04-08,3.108750104904175,30.28,94.3,23.45
2020-04-09,3.356750011444092,33.2,102.76,24.86
2020-04-14,3.138999938964844,30.18,95.5,23.73
2020-04-15,2.98075008392334,28.44,90.79,22.19
2020-04-16,2.8489999771118164,26.89,87.33,21.42
2020-04-17,3.0532500743865967,28.38,95.18,23.28
2020-04-20,3.142250061035156,27.68,91.71,22.5
2020-04-21,2.9885001182556152,26.84,89.05,21.64
2020-04-22,3.021749973297119,26.8,89.34,21.8
2020-04-23,3.072499990463257,26.53,89.39,21.87
2020-04-24,3.0269999504089355,26.92,90.71,22.18
2020-04-27,3.2332499027252197,28.41,94.62,23.47
2020-04-28,3.3627500534057617,28.87,95.29,23.89
2020-04-29,3.544250011444092,30.0,97.86,24.78
2020-04-30,3.407249927520752,29.05,95.76,24.05
2020-05-01,3.246500015258789,27.59,93.25,23.08
2020-05-04,3.1470000743865967,27.35,92.14,22.93
2020-05-05,3.2637500762939453,26.32,92.0,22.66
2020-05-06,3.091249942779541,25.61,90.27,22.35
2020-05-07,3.216249942779541,25.23,91.21,22.84
2020-05-11,3.1177499294281006,24.78,89.97,22.58
2020-05-12,3.0712499618530273,24.04,87.03,21.87
2020-05-13,2.845249891281128,22.53,84.03,20.87
2020-05-14,2.8862500190734863,24.06,87.52,21.71
2020-05-15,2.921750068664551,23.36,85.9,21.44
2020-05-18,3.1232500076293945,25.41,90.45,22.93
2020-05-19,3.146250009536743,23.95,88.67,22.21
2020-05-20,3.163000106811523,24.52,91.33,22.91
2020-05-21,3.1419999599456787,24.46,90.17,22.9
2020-05-22,3.0980000495910645,24.17,89.47,22.66
2020-05-26,3.3494999408721924,26.26,95.82,24.28
2020-05-27,3.5132501125335693,27.95,101.37,25.98
2020-05-28,3.5334999561309814,27.22,99.86,24.86
2020-05-29,3.415250062942505,26.47,97.31,24.12
2020-06-01,3.4892499446868896,27.09,98.6,24.61
2020-06-02,3.51200008392334,27.4,98.93,24.84
2020-06-03,3.681250095367432,28.83,104.27,25.99
2020-06-04,3.73550009727478,30.22,106.44,26.78
2020-06-05,4.076250076293945,31.67,111.23,28.11
2020-06-08,4.107749938964844,33.32,113.45,28.54
2020-06-09,3.992000102996826,32.63,110.54,28.22
2020-06-10,3.8717501163482666,29.71,106.06,26.6
2020-06-11,3.507499933242798,26.79,97.21,23.93
2020-06-12,3.47475004196167,27.97,99.87,24.78
2020-06-15,3.50600004196167,28.21,101.25,25.15
2020-06-16,3.7214999198913574,28.52,102.06,25.8
2020-06-17,3.6392500400543217,27.45,99.48,25.0
2020-06-18,3.6252501010894775,27.55,98.94,25.04
2020-06-19,3.6015000343322754,27.6,97.81,25.25
2020-06-22,3.5767500400543213,27.35,96.75,24.62
2020-06-23,3.578249931335449,27.23,97.93,24.79
2020-06-24,3.4207499027252197,26.12,94.66,23.81
2020-06-25,3.435499906539917,27.37,97.96,24.72
2020-06-26,3.2894999980926514,25.34,92.59,23.15
2020-06-29,3.3635001182556152,25.7,93.0,23.39
2020-06-30,3.419250011444092,25.6,94.06,23.75
2020-07-01,3.339750051498413,25.09,93.26,23.26
2020-07-02,3.343250036239624,25.34,92.66,23.29
2020-07-06,3.3597500324249268,25.49,95.0,23.66
2020-07-07,3.294749975204468,24.46,92.32,23.01
2020-07-08,3.215749979019165,24.55,93.3,23.1
2020-07-09,3.14424991607666,24.04,91.28,22.77
2020-07-10,3.243249893188477,25.47,96.27,24.02
2020-07-13,3.331249952316284,25.41,97.65,24.19
2020-07-14,3.2915000915527344,24.25,98.21,24.14
2020-07-15,3.383500099182129,25.35,99.73,24.6
2020-07-16,3.48075008392334,25.46,100.01,23.93
2020-07-17,3.378499984741211,24.95,98.16,23.22
2020-07-20,3.3122498989105225,24.57,97.3,23.58
2020-07-21,3.4539999961853027,26.2,99.41,24.42
2020-07-22,3.413000106811523,26.26,98.69,24.31
2020-07-23,3.4517500400543213,26.35,98.98,24.54
2020-07-24,3.479249954223633,26.26,98.28,24.35
2020-07-27,3.4184999465942383,25.49,96.9,24.14
2020-07-28,3.409749984741211,25.53,97.32,24.36
2020-07-29,3.410749912261963,25.78,99.68,25.27
2020-07-30,3.396749973297119,24.65,97.02,24.84
2020-07-31,3.381999969482422,24.26,96.64,24.88
2020-08-03,3.423500061035156,24.29,96.1,24.99
2020-08-04,3.3897500038146973,24.22,95.55,25.01
2020-08-05,3.4487500190734863,24.4,97.21,25.39
2020-08-06,3.440999984741211,24.24,97.24,25.47
2020-08-07,3.4462499618530273,25.07,99.38,26.11
2020-08-10,3.6322500705718994,24.7,100.64,26.56
2020-08-11,3.73550009727478,25.32,103.82,26.92
2020-08-12,3.671250104904175,25.19,102.94,26.73
2020-08-13,3.59975004196167,25.02,102.37,26.35
2020-08-14,3.642250061035156,25.3,102.41,26.47
2020-08-17,3.565500020980835,24.47,99.71,25.9
2020-08-18,3.5185000896453857,24.04,98.32,25.53
2020-08-19,3.5092499256134033,24.07,98.55,25.5
2020-08-20,3.4054999351501465,23.75,97.37,25.1
2020-08-21,3.396250009536743,23.64,97.32,24.98
2020-08-24,3.490999937057495,24.49,100.06,25.69
2020-08-25,3.527750015258789,24.61,100.5,26.0
2020-08-26,3.4927499294281006,24.04,99.09,25.56
2020-08-27,3.542249917984009,24.59,102.35,26.05
2020-08-28,3.546750068664551,24.69,102.77,26.3
2020-09-01,3.5199999809265137,24.05,100.14,25.71
2020-09-02,3.525749921798706,24.57,101.65,26.02
2020-09-03,3.5487499237060547,24.52,101.33,25.66
2020-09-04,3.5567500591278076,24.79,103.52,26.54
2020-09-08,3.4670000076293945,23.97,99.92,25.48
2020-09-09,3.470249891281128,23.84,100.87,25.51
2020-09-10,3.475500106811523,23.95,99.83,25.14
2020-09-11,3.4342501163482666,24.27,101.07,25.5
2020-09-14,3.5477499961853027,24.81,102.47,25.75
2020-09-15,3.479249954223633,24.88,99.28,25.28
2020-09-16,3.5339999198913574,25.71,99.7,25.6
2020-09-17,3.4774999618530273,25.11,98.56,25.35
2020-09-18,3.468250036239624,25.13,98.35,25.21
2020-09-21,3.2982499599456787,24.04,95.31,24.47
2020-09-22,3.242500066757202,23.65,94.27,23.94
2020-09-23,3.240000009536743,22.83,92.74,23.26
2020-09-24,3.1459999084472656,23.32,92.66,23.34
2020-09-25,3.168750047683716,23.64,93.47,23.49
2020-09-28,3.313499927520752,23.82,96.16,24.09
2020-09-29,3.2437500953674316,23.26,95.35,23.77
2020-09-30,3.308500051498413,23.51,96.27,24.09
2020-10-01,3.3182499408721924,23.56,96.97,24.1
2020-10-02,3.3602499961853027,23.99,97.89,24.21
2020-10-05,3.5087499618530273,24.45,99.04,24.62
2020-10-06,3.600500106811523,24.18,98.02,24.37
2020-10-07,3.5934998989105225,24.81,99.73,24.88
2020-10-08,3.6137499809265137,25.3,101.78,25.24
2020-10-09,3.6377499103546143,25.3,101.2,25.36
2020-10-12,3.6549999713897705,25.68,102.44,25.68
2020-10-13,3.584749937057495,24.74,100.78,24.95
2020-10-14,3.5394999980926514,23.25,100.22,23.62
2020-10-15,3.516249895095825,22.95,101.72,24.15
2020-10-16,3.5672500133514404,22.86,101.51,24.24
2020-10-19,3.564500093460083,22.54,99.8,23.72
2020-10-20,3.601249933242798,22.81,100.37,24.14
2020-10-21,3.592250108718872,22.7,99.37,24.05
2020-10-22,3.669749975204468,23.25,102.88,24.87
2020-10-23,3.7260000705718994,23.28,103.81,24.9
2020-10-26,3.6489999294281006,22.7,101.24,24.54
2020-10-27,3.590749979019165,21.82,99.33,23.85
2020-10-28,3.5147500038146973,21.18,96.54,23.47
2020-10-29,3.490999937057495,21.14,97.17,23.54
2020-10-30,3.552000045776367,21.45,98.04,23.7
2020-11-02,3.696000099182129,21.9,100.25,24.08
2020-11-03,3.807499885559082,22.09,103.41,24.69
2020-11-04,3.635499954223633,21.88,100.25,23.68
2020-11-05,3.6992499828338623,22.33,104.35,24.61
2020-11-06,3.700000047683716,21.91,102.96,24.31
2020-11-09,4.087500095367432,24.22,116.9,27.76
2020-11-10,4.173250198364258,24.19,116.52,27.66
2020-11-11,4.10099983215332,24.19,114.78,27.34
2020-11-12,4.019000053405762,23.81,113.37,26.69
2020-11-13,4.0920000076293945,24.07,114.08,27.0
2020-11-16,4.2542500495910645,24.9,117.3,27.58
2020-11-17,4.198999881744385,25.04,116.11,27.55
2020-11-18,4.287749767303467,25.06,115.25,26.98
2020-11-19,4.151750087738037,26.16,115.56,26.98
2020-11-20,4.133749961853027,25.48,114.57,26.81
2020-11-23,4.246500015258789,26.3,117.87,27.39
2020-11-24,4.420000076293945,28.61,123.32,28.98
2020-11-25,4.394499778747559,28.59,122.03,29.03
2020-11-27,4.3379998207092285,28.46,121.22,28.99
2020-11-30,4.288750171661377,27.35,117.88,28.16
2020-12-01,4.347249984741211,28.06,119.74,28.69
2020-12-02,4.369750022888184,28.87,122.04,29.06
2020-12-03,4.412749767303467,29.16,121.24,28.91
2020-12-04,4.453499794006348,29.55,122.34,29.29
2020-12-07,4.448249816894531,29.34,121.88,29.09
2020-12-08,4.439000129699707,28.94,122.0,28.93
2020-12-09,4.441500186920166,29.05,121.05,28.8
2020-12-10,4.452499866485596,29.49,120.27,29.11
2020-12-11,4.423749923706055,29.08,119.56,28.57
2020-12-14,4.389500141143799,28.64,118.3,28.22
2020-12-15,4.430500030517578,29.73,120.32,28.64
2020-12-16,4.465000152587891,29.65,120.67,28.72
2020-12-17,4.453000068664551,29.47,119.67,28.83
2020-12-18,4.4292497634887695,29.01,119.08,28.67
2020-12-21,4.4407501220703125,29.55,123.55,29.74
2020-12-22,4.447500228881836,28.96,121.67,29.21
2020-12-23,4.557499885559082,30.35,125.07,30.05
2020-12-24,4.585999965667725,29.84,124.52,29.96
2020-12-29,4.52400016784668,29.78,125.01,30.01
2020-12-30,4.550749778747559,29.75,125.36,29.98
2020-12-31,4.55649995803833,30.18,127.07,30.31
2021-01-04,4.544750213623047,29.7,125.87,30.03
2021-01-05,4.588500022888184,30.53,125.65,30.26
2021-01-06,4.962500095367432,32.69,131.55,32.15
2021-01-07,5.109499931335449,33.43,135.87,32.86
2021-01-08,5.0032501220703125,33.19,136.02,32.53
2021-01-11,5.051000118255615,33.24,138.05,33.07
2021-01-12,5.178999900817871,33.94,140.22,33.66
2021-01-13,5.107500076293945,33.8,140.35,33.46
2021-01-14,5.208000183105469,34.75,141.17,33.99
2021-01-15,5.080999851226807,32.04,138.64,33.01
2021-01-19,5.116000175476074,32.63,138.04,32.77
2021-01-20,5.045000076293945,32.46,135.97,32.34
2021-01-21,4.963500022888184,32.0,134.83,31.77
2021-01-22,4.974249839782715,31.9,133.79,31.55
2021-01-25,4.868000030517578,32.24,132.12,31.16
2021-01-26,4.939000129699707,31.38,131.58,30.94
2021-01-27,4.765999794006348,30.17,127.86,29.83
2021-01-28,4.821000099182129,30.81,130.11,30.32
2021-01-29,4.770500183105469,29.88,128.67,29.65
2021-02-01,4.7210001945495605,29.99,129.62,29.96
2021-02-02,4.915500164031982,30.75,133.61,31.03
2021-02-03,4.905250072479248,31.7,135.14,31.58
2021-02-04,5.099999904632568,32.66,138.25,32.5
2021-02-05,5.125999927520752,32.56,137.98,32.37
2021-02-08,5.153500080108643,33.4,140.14,33.09
2021-02-09,5.178999900817871,33.26,139.58,32.95
2021-02-10,5.250999927520752,33.2,139.66,32.98
2021-02-11,5.218999862670898,32.72,139.27,32.88
2021-02-12,5.227499961853027,33.53,141.25,33.37
2021-02-16,5.388000011444092,34.79,144.65,34.27
2021-02-17,5.402500152587891,36.59,145.1,34.41
2021-02-18,5.343999862670898,36.96,145.59,34.19
2021-02-19,5.487500190734863,37.83,148.02,34.54
2021-02-22,5.604499816894531,37.26,149.41,35.15
2021-02-23,5.625999927520752,37.14,150.61,35.52
2021-02-24,5.777500152587891,38.29,153.26,36.38
2021-02-25,5.7795000076293945,37.56,151.18,35.93
2021-02-26,5.565999984741211,36.17,147.17,34.71
2021-03-01,5.669000148773193,37.09,150.5,35.79
2021-03-02,5.690499782562256,37.14,150.01,35.53
2021-03-03,5.798999786376953,37.69,152.91,36.42
2021-03-04,5.6645002365112305,37.16,150.56,36.5
2021-03-05,5.572500228881836,37.43,150.91,36.93
2021-03-08,5.933000087738037,38.67,152.91,37.13
2021-03-09,5.834499835968018,38.13,151.83,36.32
2021-03-10,5.881999969482422,39.58,155.13,37.37
2021-03-11,5.958499908447266,38.88,154.32,37.24
2021-03-12,6.047999858856201,39.97,156.15,37.94
2021-03-15,5.927999973297119,39.7,155.37,37.75
2021-03-16,5.895500183105469,39.35,153.51,37.64
2021-03-17,5.929999828338623,39.84,155.09,37.95
2021-03-18,6.203499794006348,40.81,157.65,38.94
2021-03-19,5.984499931335449,39.63,155.14,38.53
2021-03-22,5.744999885559082,38.97,150.97,37.66
2021-03-23,5.7164998054504395,38.24,149.46,36.9
2021-03-24,5.757999897003174,38.12,150.62,36.9
2021-03-25,5.728499889373779,39.3,152.55,37.66
2021-03-26,5.880000114440918,39.76,155.09,38.68
2021-03-29,5.673500061035156,38.44,152.68,38.31
2021-03-30,5.868500232696533,39.39,154.48,38.99
2021-03-31,5.801000118255615,39.07,152.23,38.69
2021-04-01,5.813499927520752,39.63,153.71,39.49
2021-04-06,5.834000110626221,39.85,152.54,39.69
2021-04-07,5.858500003814697,39.99,154.93,40.05
2021-04-08,5.822000026702881,40.03,155.12,39.7
2021-04-09,5.920499801635742,40.5,156.28,39.99
2021-04-12,5.953000068664551,40.77,155.95,40.06
2021-04-13,5.876999855041504,39.79,154.09,39.32
2021-04-14,5.98799991607666,41.99,151.21,39.88
2021-04-15,5.813000202178955,42.24,152.17,38.74
2021-04-16,5.940499782562256,43.84,153.3,39.15
2021-04-19,5.961999893188477,43.88,152.65,39.17
2021-04-20,5.731500148773193,42.54,149.27,38.08
2021-04-21,5.768499851226807,43.24,150.54,38.72
2021-04-22,5.833000183105469,42.7,147.37,38.36
2021-04-23,5.928999900817871,43.86,150.19,39.18
2021-04-26,6.055500030517578,44.14,150.56,39.41
2021-04-27,6.040500164031982,45.09,151.25,39.88
2021-04-28,6.078000068664551,45.08,152.23,40.03
2021-04-29,6.163000106811523,46.24,155.19,41.11
2021-04-30,6.117499828338623,45.05,153.81,40.53
2021-05-04,6.109000205993652,45.74,155.48,41.0
2021-05-05,6.2729997634887695,45.94,157.52,41.39
2021-05-06,6.265999794006348,46.63,160.69,42.01
2021-05-07,6.26800012588501,46.54,161.24,42.18
2021-05-10,6.431000232696533,46.6,161.22,42.05
2021-05-11,6.281499862670898,45.72,158.54,41.57
2021-05-12,6.301000118255615,45.64,157.45,41.18
2021-05-13,6.237500190734863,46.4,161.5,41.84
2021-05-14,6.343999862670898,46.96,164.01,42.36
2021-05-17,6.388000011444092,47.9,164.67,42.74
2021-05-18,6.419000148773193,46.86,162.35,42.16
2021-05-19,6.207499980926514,46.17,161.11,41.97
2021-05-20,6.234000205993652,45.73,160.83,41.87
2021-05-21,6.33050012588501,45.88,162.66,42.4
2021-05-24,6.315499782562256,46.24,163.54,42.63
2021-05-25,6.302999973297119,46.09,161.85,42.01
2021-05-26,6.248499870300293,46.4,161.83,42.04
2021-05-27,6.324999809265137,46.76,164.35,42.55
2021-05-28,6.338500022888184,46.72,164.24,42.39
2021-06-01,6.433000087738037,47.26,166.05,42.92
2021-06-02,6.415999889373779,46.81,166.06,42.94
2021-06-03,6.427999973297119,46.46,166.17,43.25
2021-06-04,6.327000141143799,46.96,166.44,43.27
2021-06-07,6.354000091552734,47.11,165.66,43.12
2021-06-08,6.326499938964844,46.61,165.0,42.88
2021-06-09,6.2895002365112305,45.92,162.94,42.32
2021-06-10,6.204999923706055,45.09,160.4,41.69
2021-06-11,6.151000022888184,45.68,160.29,41.86
2021-06-14,6.060999870300293,45.15,157.57,41.36
2021-06-15,6.044000148773193,45.46,155.18,41.39
2021-06-16,6.036499977111816,45.57,156.27,41.62
2021-06-17,5.909999847412109,42.79,151.76,39.8
2021-06-18,5.709499835968018,41.75,147.92,38.78
2021-06-21,5.817999839782715,43.28,150.43,39.75
2021-06-22,5.85099983215332,43.54,150.21,39.97
2021-06-23,5.897500038146973,43.96,151.12,40.2
2021-06-24,5.952499866485596,45.18,152.51,40.83
2021-06-25,6.046999931335449,46.38,154.05,41.62
2021-06-28,5.961999893188477,45.79,154.33,41.56
2021-06-29,6.001999855041504,44.79,154.14,40.89
2021-06-30,5.953000068664551,45.29,155.54,41.23
2021-07-01,6.017000198364258,45.41,157.08,41.54
2021-07-02,5.964000225067139,45.07,156.03,41.15
2021-07-06,5.808000087738037,43.49,153.41,40.07
2021-07-07,5.817999839782715,43.4,153.59,39.75
2021-07-08,5.7179999351501465,42.32,150.94,38.78
2021-07-09,5.8420000076293945,43.91,155.77,40.04
2021-07-12,5.919000148773193,44.16,158.0,40.63
2021-07-13,5.829500198364258,43.23,155.65,39.86
2021-07-14,5.7779998779296875,44.95,155.12,38.86
2021-07-15,5.913000106811523,45.0,155.46,38.83
2021-07-16,5.807000160217285,44.28,151.91,37.92
2021-07-19,5.546000003814697,43.05,146.97,36.93
2021-07-20,5.699999809265137,44.84,149.71,37.69
2021-07-21,5.78000020980835,45.8,152.86,38.46
2021-07-22,5.688499927520752,45.03,150.93,37.96
2021-07-23,5.7104997634887695,44.59,150.64,37.7
2021-07-26,5.751999855041504,45.01,151.65,38.13
2021-07-27,5.755499839782715,45.14,151.45,37.98
2021-07-28,5.742000102996826,45.51,151.7,38.13
2021-07-29,5.827000141143799,46.5,153.0,38.68
2021-07-30,5.791999816894531,45.94,151.78,38.36
2021-08-02,5.773499965667725,45.79,151.17,37.96
2021-08-03,5.773499965667725,46.83,152.89,38.55
2021-08-04,5.818999767303467,46.15,151.24,38.27
2021-08-05,5.85699987411499,46.99,153.15,39.02
2021-08-06,6.040500164031982,48.77,157.5,40.15
2021-08-09,6.01800012588501,48.65,157.33,40.67
2021-08-10,6.0879998207092285,49.63,159.26,41.43
2021-08-11,6.142000198364258,50.66,161.16,41.95
2021-08-12,6.166999816894531,51.15,161.79,42.15
2021-08-13,6.111000061035156,50.37,159.98,41.63
2021-08-16,6.040999889373779,49.41,158.93,41.29
2021-08-17,5.984499931335449,48.71,157.01,41.09
2021-08-18,6.014999866485596,47.97,155.58,40.79
2021-08-19,5.809000015258789,47.25,154.28,40.19
2021-08-20,5.857999801635742,47.42,154.72,40.37
2021-08-23,5.9670000076293945,47.61,156.7,40.91
2021-08-24,6.008500099182129,48.36,157.67,41.48
2021-08-25,6.130499839782715,49.29,160.92,42.15
2021-08-26,6.1020002365112305,49.05,161.75,42.04
2021-08-27,6.144000053405762,49.81,163.05,42.49
2021-08-31,6.086999893188477,45.7,159.95,41.75
2021-09-01,5.97599983215332,43.45,159.72,41.19
2021-09-02,6.03249979019165,44.57,160.46,41.02
2021-09-03,5.9629998207092285,44.17,159.49,41.05
2021-09-07,6.0269999504089355,44.31,159.21,41.32
2021-09-08,5.916999816894531,43.82,158.5,40.78
2021-09-09,5.984000205993652,44.36,159.19,40.93
2021-09-10,5.924499988555908,44.33,157.36,40.27
2021-09-13,5.99399995803833,45.76,159.86,40.94
2021-09-14,5.916999816894531,46.05,157.07,39.84
2021-09-15,5.97599983215332,46.64,158.16,40.14
2021-09-16,5.973499774932861,46.28,158.09,40.45
2021-09-17,5.98799991607666,46.47,157.68,40.5
2021-09-20,5.741000175476074,45.81,152.96,39.11
2021-09-21,5.793000221252441,45.85,152.98,39.13
2021-09-22,5.912499904632568,47.08,155.91,40.14
2021-09-23,6.106500148773193,47.8,161.18,41.69
2021-09-24,6.180500030517578,47.92,163.04,42.14
2021-09-27,6.354000091552734,47.56,166.98,43.26
2021-09-28,6.3420000076293945,45.92,166.08,43.16
2021-09-29,6.336999893188477,47.03,165.95,43.07
2021-09-30,6.310999870300293,46.41,163.69,42.45
2021-10-01,6.316999912261963,47.02,167.13,43.08
2021-10-04,6.361000061035156,47.02,166.95,43.34
2021-10-05,6.46999979019165,47.96,168.66,44.22
2021-10-06,6.300000190734863,47.87,169.02,44.24
2021-10-07,6.497000217437744,47.76,170.09,44.12
2021-10-08,6.492000102996826,48.0,170.22,44.34
2021-10-11,6.518499851226807,47.28,166.64,43.78
2021-10-12,6.4019999504089355,46.65,165.36,43.54
2021-10-13,6.328000068664551,46.05,161.0,43.14
2021-10-14,6.387499809265137,45.31,163.47,45.07
2021-10-15,6.488999843597412,48.38,166.61,46.37
2021-10-18,6.533999919891357,49.43,166.55,46.28
2021-10-19,6.542500019073486,50.34,168.57,46.48
2021-10-20,6.638000011444092,50.16,170.84,47.09
2021-10-21,6.625999927520752,50.33,169.5,46.83
2021-10-22,6.7220001220703125,50.66,171.78,47.57
2021-10-25,6.75,50.62,170.94,47.51
2021-10-26,6.763000011444092,50.63,171.4,47.96
2021-10-27,6.620999813079834,50.05,167.83,47.04
2021-10-28,6.565499782562256,51.36,170.36,47.78
2021-10-29,6.619500160217285,51.16,169.89,47.78
2021-11-01,6.678999900817871,51.71,169.8,47.85
2021-11-02,6.668499946594238,51.3,170.47,47.88
2021-11-03,6.747499942779541,52.0,170.53,48.37
2021-11-04,6.627999782562256,50.62,168.29,47.33
2021-11-05,6.691999912261963,50.44,168.05,46.97
2021-11-08,6.739999771118164,50.87,169.06,47.34
2021-11-09,6.653500080108643,49.89,169.06,46.88
2021-11-10,6.73799991607666,50.36,167.62,47.23
2021-11-11,6.729000091552734,50.59,167.61,47.49
2021-11-12,6.679999828338623,50.96,166.86,46.91
2021-11-15,6.734499931335449,51.08,166.56,47.05
2021-11-16,6.7195000648498535,50.37,165.36,47.08
2021-11-17,6.635000228881836,49.84,164.47,46.51
2021-11-18,6.64900016784668,49.9,163.05,46.32
2021-11-19,6.5329999923706055,48.82,160.92,45.4
2021-11-22,6.732500076293945,50.34,164.35,46.28
2021-11-23,6.736499786376953,51.4,168.28,47.5
2021-11-24,6.760499954223633,51.31,166.96,47.63
2021-11-26,6.383999824523926,48.43,161.93,45.76
2021-11-29,6.433000087738037,49.16,161.23,45.59
2021-11-30,6.3480000495910645,47.78,158.83,44.47
2021-12-01,6.485000133514404,47.21,157.89,43.84
2021-12-02,6.40749979019165,48.91,161.21,44.89
2021-12-03,6.322999954223633,47.75,158.29,43.87
2021-12-06,6.454999923706055,48.81,160.16,44.15
2021-12-07,6.486999988555908,50.25,162.57,44.71
2021-12-08,6.46150016784668,49.41,160.71,44.16
2021-12-09,6.4120001792907715,49.69,160.46,44.49
2021-12-10,6.359499931335449,50.2,159.82,44.52
2021-12-13,6.24399995803833,48.56,157.92,43.58
2021-12-14,6.330999851226807,48.89,159.13,44.13
2021-12-15,6.302000045776367,48.94,157.94,43.94
2021-12-16,6.492000102996826,50.3,160.41,45.0
2021-12-17,6.278500080108643,47.95,156.76,43.88
2021-12-20,5.994500160217285,46.85,153.94,43.16
2021-12-21,6.2129998207092285,47.81,156.09,44.19
2021-12-22,6.276000022888184,48.03,156.7,44.28
2021-12-23,6.333000183105469,48.36,157.26,44.42
2021-12-29,6.420000076293945,48.45,158.56,44.63
2021-12-30,6.4105000495910645,48.1,158.48,44.53
2021-12-31,6.366000175476074,47.98,158.35,44.49
2022-01-04,6.756999969482422,52.75,167.83,47.99
2022-01-05,6.77400016784668,52.29,163.78,47.18
2022-01-06,6.8354997634887695,53.63,165.52,48.13
2022-01-07,7.00600004196167,54.77,167.16,49.18
2022-01-10,6.982999801635742,55.35,167.32,48.93
2022-01-11,7.0,56.06,167.49,49.21
2022-01-12,7.084000110626221,56.4,168.44,48.86
2022-01-13,7.168000221252441,56.0,168.23,48.76
2022-01-14,7.072999954223633,58.06,157.89,47.91
2022-01-18,6.988500118255615,56.69,151.27,46.26
2022-01-19,6.830999851226807,55.57,148.93,46.44
2022-01-20,6.797999858856201,55.0,147.66,45.75
2022-01-21,6.583499908447266,53.67,145.08,44.92
2022-01-24,6.304999828338623,53.32,144.95,44.55
2022-01-25,6.428999900817871,53.59,146.53,45.43
2022-01-26,6.607999801635742,54.14,147.92,45.9
2022-01-27,6.550000190734863,53.76,145.31,45.47
2022-01-28,6.436999797821045,54.19,146.61,45.87
2022-01-31,6.473999977111816,53.8,148.6,46.14
2022-02-01,6.5894999504089355,55.6,151.15,46.94
2022-02-02,6.621500015258789,55.93,149.94,46.89
2022-02-03,6.730000019073486,55.17,148.7,46.43
2022-02-04,6.682000160217285,56.33,152.56,48.28
2022-02-07,6.78000020980835,57.33,153.07,48.51
2022-02-08,6.896999835968018,58.75,155.95,49.38
2022-02-09,6.962500095367432,59.06,156.6,49.28
2022-02-10,7.007999897003174,59.05,155.95,49.05
2022-02-11,7.000500202178955,58.31,153.92,47.92
2022-02-14,6.7804999351501465,57.85,152.49,47.42
2022-02-15,6.882999897003174,58.38,154.72,47.79
2022-02-16,6.915999889373779,58.14,155.0,47.68
2022-02-17,6.802999973297119,56.15,151.43,46.07
2022-02-18,6.7220001220703125,55.63,152.14,45.96
2022-02-22,6.71999979019165,55.28,151.87,45.56
2022-02-23,6.613999843597412,53.95,148.69,44.78
2022-02-24,6.274499893188477,52.71,144.55,43.6
2022-02-25,6.5945000648498535,54.11,147.97,45.02
2022-02-28,6.625999927520752,53.37,141.8,44.2
2022-03-01,6.296000003814697,50.29,136.45,42.47
2022-03-02,6.466000080108643,52.22,139.28,43.16
2022-03-03,6.415999889373779,51.24,138.29,42.49
2022-03-04,6.177999973297119,48.79,134.4,40.95
2022-03-07,6.085999965667725,45.81,129.21,38.34
2022-03-08,5.910999774932861,46.46,128.3,38.59
2022-03-09,6.189000129699707,49.16,133.44,41.04
2022-03-10,6.109000205993652,49.01,131.86,40.67
2022-03-11,6.179999828338623,48.47,128.89,40.33
2022-03-14,6.256999969482422,49.86,130.17,41.2
2022-03-15,6.1539998054504395,50.11,132.48,41.5
2022-03-16,6.406000137329102,51.6,138.4,42.8
2022-03-17,6.36299991607666,51.48,140.15,43.03
2022-03-18,6.321000099182129,51.42,140.1,42.9
2022-03-21,6.380000114440918,51.14,139.65,42.84
2022-03-22,6.495500087738037,53.39,142.62,44.18
2022-03-23,6.366000175476074,51.12,139.78,43.09
2022-03-24,6.368000030517578,51.33,140.69,43.07
2022-03-25,6.433000087738037,52.56,141.92,43.73
2022-03-28,6.321499824523926,51.81,140.87,43.55
2022-03-29,6.456999778747559,51.6,141.18,43.44
2022-03-30,6.3480000495910645,50.11,140.54,43.0
2022-03-31,6.235000133514404,48.46,136.32,41.22
2022-04-01,6.091000080108643,48.71,135.31,40.9
2022-04-04,5.993500232696533,48.46,135.91,40.83
2022-04-05,6.046000003814697,48.12,133.34,40.14
2022-04-06,5.903500080108643,47.89,131.49,39.7
2022-04-07,5.767000198364258,47.74,131.09,39.39
2022-04-08,5.896500110626221,48.73,133.49,39.67
2022-04-11,5.909999847412109,49.33,133.0,39.59
2022-04-12,5.882500171661377,48.42,131.54,39.17
2022-04-13,5.786499977111816,48.54,127.3,38.82
2022-04-14,5.815999984741211,46.35,126.12,37.57
2022-04-19,5.927499771118164,47.83,131.12,39.57
2022-04-20,6.048500061035156,48.65,131.58,39.66
2022-04-21,6.007999897003174,47.78,130.56,38.91
2022-04-22,5.8429999351501465,46.34,126.81,37.56
2022-04-25,5.625999927520752,45.83,126.77,37.29
2022-04-26,5.656000137329102,44.58,123.02,36.45
2022-04-27,5.626999855041504,44.58,121.42,36.25
2022-04-28,5.576000213623047,45.17,123.34,36.81
2022-04-29,5.631999969482422,43.63,119.36,35.68
2022-05-03,5.644999980926514,44.16,123.03,37.13
2022-05-04,5.635000228881836,45.98,127.1,38.62
2022-05-05,5.584000110626221,44.76,123.92,37.54
2022-05-06,5.558000087738037,44.55,123.72,37.45
2022-05-09,5.445000171661377,43.96,121.86,36.37
2022-05-10,5.372499942779541,43.08,118.89,35.76
2022-05-11,5.454500198364258,42.57,118.14,35.57
2022-05-12,5.2769999504089355,41.81,118.04,35.07
2022-05-13,5.354000091552734,42.64,119.09,35.17
2022-05-16,5.243000030517578,42.21,118.26,34.81
2022-05-17,5.4105000495910645,43.71,122.18,35.99
2022-05-18,5.354000091552734,42.11,120.09,34.88
2022-05-19,5.283999919891357,42.0,118.31,34.45
2022-05-20,5.23799991607666,41.67,117.34,33.86
2022-05-23,5.504000186920166,43.82,124.6,35.87
2022-05-24,5.363500118255615,43.29,126.36,35.65
2022-05-25,5.513999938964844,44.12,127.24,35.84
2022-05-26,5.667500019073486,45.6,129.44,36.67
2022-05-27,5.692500114440918,45.89,131.27,37.02
2022-05-31,5.716000080108643,45.77,132.23,37.2
2022-06-01,5.622499942779541,45.16,129.91,36.67
2022-06-06,5.732999801635742,45.12,129.73,36.15
2022-06-07,5.703000068664551,45.47,130.07,36.35
2022-06-08,5.677999973297119,44.63,128.0,35.89
2022-06-09,5.572500228881836,42.67,125.31,34.51
2022-06-10,5.260000228881836,40.08,119.55,33.17
2022-06-13,5.098499774932861,38.99,115.99,32.02
2022-06-14,5.097499847412109,37.43,114.06,31.46
2022-06-15,5.133500099182129,38.17,115.41,32.05
2022-06-16,4.977499961853027,37.65,113.43,31.85
2022-06-17,5.0320000648498535,38.48,113.03,31.92
2022-06-21,5.125500202178955,38.99,115.83,32.85
2022-06-22,5.113999843597412,38.6,115.18,32.6
2022-06-23,5.021999835968018,37.9,113.92,32.08
2022-06-24,5.230999946594238,40.76,117.32,32.31
2022-06-27,5.234000205993652,40.24,116.38,32.35
2022-06-28,5.231500148773193,40.18,115.82,32.26
2022-06-29,5.146500110626221,39.71,115.3,31.86
2022-06-30,5.070000171661377,39.17,112.61,31.13
2022-07-01,5.058000087738037,39.92,114.05,31.56
2022-07-05,5.0269999504089355,40.1,112.62,31.24
2022-07-06,5.066999912261963,39.5,111.89,30.98
2022-07-07,5.199999809265137,40.12,114.72,31.86
2022-07-08,5.213500022888184,40.18,114.36,31.79
2022-07-11,5.125999927520752,39.79,112.86,31.46
2022-07-12,5.200500011444092,39.6,112.97,31.36
2022-07-13,5.008999824523926,39.07,111.91,30.84
2022-07-14,4.921000003814697,38.74,108.0,30.13
2022-07-15,5.146500110626221,41.13,112.95,32.25
2022-07-18,5.253499984741211,41.19,111.79,32.26
2022-07-19,5.318999767303467,42.9,114.56,33.35
2022-07-20,5.35099983215332,42.72,114.54,33.36
2022-07-21,5.360000133514404,43.28,115.32,33.65
2022-07-22,5.373000144958496,43.17,114.76,33.43
2022-07-25,5.428999900817871,43.5,115.22,33.73
2022-07-26,5.369500160217285,42.9,113.42,33.05
2022-07-27,5.348999977111816,43.71,115.24,33.59
2022-07-28,5.38100004196167,43.32,114.81,33.32
2022-07-29,5.449999809265137,43.87,115.36,33.81
2022-08-01,5.4629998207092285,43.54,114.21,33.71
2022-08-02,5.447000026702881,42.88,112.43,33.04
2022-08-03,5.441500186920166,43.89,113.61,33.64
2022-08-04,5.435999870300293,42.77,112.36,33.4
2022-08-05,5.4710001945495605,43.76,115.76,33.96
2022-08-08,5.513000011444092,43.19,114.35,33.49
2022-08-09,5.484499931335449,43.4,115.38,33.92
2022-08-10,5.664999961853027,44.33,118.39,35.07
2022-08-11,5.724999904632568,45.25,120.14,35.91
2022-08-12,5.781499862670898,45.94,122.13,36.3
2022-08-15,5.7769999504089355,45.75,122.46,36.25
2022-08-16,5.867000102996826,46.06,123.63,36.64
2022-08-17,5.805500030517578,46.14,122.59,36.41
2022-08-18,5.802999973297119,46.14,121.64,36.28
2022-08-19,5.709499835968018,45.35,118.63,35.48
2022-08-22,5.603499889373779,44.41,116.67,34.72
2022-08-23,5.581999778747559,44.37,115.52,34.41
2022-08-24,5.585999965667725,44.64,115.8,34.52
2022-08-25,5.642000198364258,45.39,118.55,35.14
2022-08-26,5.553999900817871,43.97,114.67,34.03
2022-08-30,5.432000160217285,44.14,114.41,34.09
2022-08-31,5.421999931335449,43.71,113.73,33.61
2022-09-01,5.3520002365112305,43.7,114.51,33.47
2022-09-02,5.4629998207092285,43.38,113.71,33.43
2022-09-06,5.275000095367432,42.88,113.74,33.06
2022-09-07,5.329500198364258,43.84,115.9,33.57
2022-09-08,5.494500160217285,45.23,118.6,34.65
2022-09-09,5.591000080108643,45.33,119.17,34.94
2022-09-12,5.644499778747559,45.53,120.58,35.27
2022-09-13,5.493000030517578,43.22,116.39,34.0
2022-09-14,5.409999847412109,43.28,116.12,33.87
2022-09-15,5.501500129699707,44.14,117.87,34.51
2022-09-16,5.389500141143799,43.94,117.08,34.12
2022-09-20,5.451000213623047,43.41,115.83,34.17
2022-09-21,5.447999954223633,42.27,112.49,33.15
2022-09-22,5.230500221252441,41.52,111.21,32.5
2022-09-23,5.0879998207092285,40.41,109.14,31.73
2022-09-26,5.053999900817871,40.01,106.79,31.03
2022-09-27,5.0229997634887695,40.03,105.85,30.57
2022-09-28,5.072000026702881,40.81,107.99,31.07
2022-09-29,5.002999782562256,40.5,106.16,30.66
2022-09-30,5.079999923706055,40.22,104.5,30.2
2022-10-03,5.0995001792907715,41.58,107.73,31.09
2022-10-04,5.328499794006348,43.54,112.77,32.38
2022-10-05,5.254499912261963,43.31,110.39,31.92
2022-10-06,5.254000186920166,42.24,108.14,31.46
2022-10-07,5.119500160217285,41.79,105.98,30.75
2022-10-10,5.103499889373779,41.45,104.99,30.66
2022-10-11,5.011499881744385,40.23,101.96,29.77
2022-10-12,5.000999927520752,40.51,103.61,29.86
2022-10-13,5.114500045776367,42.38,109.37,31.69
2022-10-14,5.2179999351501465,43.17,111.19,31.7
2022-10-17,5.2895002365112305,43.96,115.86,33.62
2022-10-18,5.320000171661377,44.67,118.84,34.88
2022-10-19,5.28849983215332,43.62,116.51,33.92
2022-10-20,5.172500133514404,43.65,116.13,33.7
2022-10-21,5.078999996185303,44.83,122.23,34.95
2022-10-24,5.230500221252441,45.2,122.38,35.07
2022-10-25,5.307000160217285,45.37,122.7,35.39
2022-10-26,5.390999794006348,45.7,124.11,35.7
2022-10-27,5.388999938964844,45.65,124.6,35.87
2022-10-28,5.373000144958496,46.35,126.08,36.18
2022-10-31,5.433499813079834,45.99,125.88,36.04
2022-11-01,5.453499794006348,46.95,128.15,36.2
2022-11-02,5.4019999504089355,46.88,126.97,36.09
2022-11-03,5.2829999923706055,45.54,127.2,35.89
2022-11-04,5.369999885559082,46.74,130.68,36.79
2022-11-07,5.4085001945495605,47.07,131.37,37.01
2022-11-08,5.485499858856201,47.18,131.45,37.11
2022-11-09,5.402500152587891,45.97,129.74,36.52
2022-11-10,5.609000205993652,47.95,135.08,38.13
2022-11-11,5.605000019073486,47.55,135.3,38.41
2022-11-14,5.605000019073486,46.87,133.91,37.76
2022-11-15,5.60699987411499,46.71,132.94,37.7
2022-11-16,5.517000198364258,46.21,133.12,37.36
2022-11-17,5.421000003814697,45.99,132.54,37.17
2022-11-18,5.477499961853027,46.5,133.84,37.19
2022-11-21,5.480999946594238,46.84,133.05,37.31
2022-11-22,5.5345001220703125,47.11,135.04,37.49
2022-11-23,5.570000171661377,47.33,136.48,37.61
2022-11-25,5.5914998054504395,47.44,136.74,37.7
2022-11-28,5.506499767303467,46.98,134.35,36.86
2022-11-29,5.502999782562256,47.57,136.56,37.0
2022-11-30,5.459000110626221,47.95,138.18,37.85
2022-12-01,5.556000232696533,46.87,136.24,36.55
2022-12-02,5.48799991607666,45.94,135.16,36.08
2022-12-05,5.3125,43.66,131.37,34.47
2022-12-06,5.176000118255615,43.4,131.59,33.0
2022-12-07,5.18149995803833,42.45,131.5,32.74
2022-12-08,5.191500186920166,42.58,132.88,32.44
2022-12-09,5.204500198364258,42.5,132.16,32.38
2022-12-12,5.2204999923706055,42.86,134.21,32.73
2022-12-13,5.231500148773193,42.62,134.08,32.75
2022-12-14,5.212500095367432,42.18,133.41,32.28
2022-12-15,5.0345001220703125,41.37,130.1,31.77
2022-12-16,5.004499912261963,41.19,129.29,31.7
2022-12-19,5.018499851226807,41.82,130.06,32.06
2022-12-20,5.041999816894531,40.98,130.69,32.19
2022-12-21,5.113999843597412,41.12,132.16,32.68
2022-12-22,5.02400016784668,40.68,130.66,32.39
2022-12-23,5.0929999351501465,40.98,131.28,32.47
2022-12-28,5.117499828338623,41.12,132.46,32.77
2022-12-29,5.1605000495910645,41.33,133.22,33.14
2022-12-30,5.170000076293945,41.29,134.1,33.12
2023-01-03,5.2270002365112305,41.79,135.12,33.51
2023-01-04,5.316500186920166,42.65,136.38,34.14
2023-01-05,5.196000099182129,42.42,135.35,34.07
2023-01-06,5.324999809265137,42.8,137.94,34.41
2023-01-09,5.382500171661377,42.39,137.37,33.89
2023-01-10,5.34499979019165,42.36,138.6,34.12
2023-01-11,5.373499870300293,42.74,139.63,34.38
2023-01-12,5.447500228881836,42.83,139.49,34.47
2023-01-13,5.401500225067139,44.22,143.01,35.23
2023-01-17,5.418499946594238,44.12,140.8,34.52
2023-01-18,5.319499969482422,43.38,136.57,33.72
2023-01-19,5.196499824523926,42.95,134.75,33.23
2023-01-20,5.349999904632568,43.92,135.08,33.85
2023-01-23,5.485499858856201,45.03,137.27,34.32
2023-01-24,5.506499767303467,44.45,138.45,34.57
2023-01-25,5.458000183105469,45.34,139.12,34.87
2023-01-26,5.5370001792907715,45.81,139.98,35.34
2023-01-27,5.585999965667725,46.12,140.32,35.45
2023-01-30,5.5945000648498535,46.29,139.13,35.3
2023-01-31,5.593999862670898,46.87,139.96,35.48
2023-02-01,5.682000160217285,47.33,139.59,35.92
2023-02-02,5.807499885559082,47.23,138.94,36.13
2023-02-03,5.813000202178955,47.58,141.09,36.43
2023-02-06,5.739999771118164,47.68,141.92,36.37
2023-02-07,5.765999794006348,48.13,143.65,36.77
2023-02-08,5.7835001945495605,48.25,142.64,36.5
2023-02-09,5.748499870300293,47.57,140.42,35.72
2023-02-10,5.6605000495910645,47.51,141.04,35.58
2023-02-13,5.706999778747559,48.13,142.57,35.65
2023-02-14,5.689000129699707,48.5,143.2,35.62
2023-02-15,5.731500148773193,47.97,143.8,35.56
2023-02-16,5.685500144958496,47.22,141.82,35.28
2023-02-17,5.626999855041504,47.49,142.24,35.35
2023-02-21,5.5254998207092285,46.24,139.63,34.52
2023-02-22,5.511499881744385,46.01,138.56,34.29
2023-02-23,5.491499900817871,46.25,139.67,34.26
2023-02-24,5.504000186920166,46.62,140.93,34.21
2023-02-27,5.580999851226807,46.78,142.16,34.21
2023-02-28,5.56850004196167,46.77,143.35,34.3
2023-03-01,5.504499912261963,46.68,142.55,34.14
2023-03-02,5.4070000648498535,45.8,141.07,33.49
2023-03-03,5.4679999351501465,46.85,143.66,34.16
2023-03-06,5.512499809265137,46.63,142.82,34.09
2023-03-07,5.326499938964844,44.45,138.62,33.0
2023-03-08,5.260000228881836,43.84,137.8,32.56
2023-03-09,4.968999862670898,41.13,130.34,30.54
2023-03-10,4.827499866485596,41.36,133.65,30.27
2023-03-13,4.141499996185303,38.41,131.25,28.51
2023-03-14,4.314499855041504,40.17,134.62,28.76
2023-03-15,4.043499946594238,38.85,128.26,28.49
2023-03-16,4.146500110626221,39.3,130.75,28.97
2023-03-17,4.0269999504089355,37.76,125.81,27.82
2023-03-20,4.040249824523926,37.48,127.14,27.75
2023-03-21,4.222249984741211,38.48,130.55,28.59
2023-03-22,4.154749870300293,37.2,127.18,27.64
2023-03-23,3.994750022888184,36.61,126.84,26.97
2023-03-24,3.930000066757202,36.23,124.91,27.14
2023-03-27,4.060999870300293,37.47,128.49,28.49
2023-03-28,4.07574987411499,37.18,128.88,28.12
2023-03-29,4.113249778747559,37.97,129.14,28.67
2023-03-30,4.119999885559082,37.38,128.75,28.3
2023-03-31,4.109250068664551,37.38,130.31,28.6
2023-04-03,4.06374979019165,37.72,130.16,28.59
2023-04-04,3.9590001106262207,36.81,128.42,27.98
2023-04-05,3.941750049591065,36.89,127.61,27.64
2023-04-06,4.026500225067139,37.9,127.47,27.84
2023-04-11,4.078000068664551,39.37,128.52,28.71
2023-04-12,4.063000202178955,39.19,128.5,28.48
2023-04-13,4.075250148773193,39.66,128.99,28.56
2023-04-14,4.113500118255615,39.64,138.73,29.52
2023-04-17,4.136000156402588,41.3,139.83,30.37
2023-04-18,4.170000076293945,41.87,141.4,30.56
2023-04-19,4.202499866485596,42.24,141.22,30.06
2023-04-20,4.194250106811523,41.67,140.81,29.9
2023-04-21,4.125500202178955,41.24,140.54,29.87
2023-04-24,4.108500003814697,41.45,140.73,29.76
2023-04-25,4.0329999923706055,40.55,137.67,28.84
2023-04-26,3.9982500076293945,39.46,135.23,28.44
2023-04-27,4.020500183105469,39.66,137.05,28.89
2023-04-28,4.103250026702881,39.75,138.24,29.28
2023-05-02,3.803999900817871,38.84,138.92,28.16
2023-05-03,3.83174991607666,38.65,135.98,27.86
2023-05-04,3.573499917984009,36.72,134.12,26.99
2023-05-05,3.765749931335449,37.94,136.74,27.71
2023-05-09,3.700999975204468,38.54,136.41,27.66
2023-05-10,3.700000047683716,38.28,136.48,27.32
2023-05-11,3.6377499103546143,38.33,136.05,27.39
2023-05-12,3.6024999618530273,37.49,134.1,27.09
2023-05-15,3.70674991607666,38.77,135.23,27.65
2023-05-16,3.700000047683716,38.39,134.32,27.36
2023-05-17,3.8102500438690186,40.46,138.45,28.57
2023-05-18,3.840250015258789,40.21,139.5,28.47
2023-05-19,3.808500051498413,40.03,139.18,28.11
2023-05-22,3.8717501163482666,40.98,138.03,28.34
2023-05-23,4.014500141143799,41.21,136.59,28.58
2023-05-24,3.875,40.87,135.34,28.1
2023-05-25,3.8334999084472656,40.9,135.67,28.17
2023-05-26,3.853749990463257,41.23,136.94,28.31
2023-05-30,3.838749885559082,40.98,137.46,28.26
2023-05-31,3.74399995803833,39.81,135.71,27.79
2023-06-01,3.840749979019165,40.06,137.58,27.78
2023-06-02,3.9927499294281006,41.24,140.47,28.71
2023-06-05,3.963500022888184,40.45,139.09,28.54
2023-06-06,4.103499889373779,41.26,139.34,29.23
2023-06-07,4.145999908447266,42.07,140.69,29.48
2023-06-08,4.114999771118164,42.37,140.73,29.23
2023-06-09,4.131499767303467,42.13,141.01,29.27
2023-06-12,4.063000202178955,41.83,141.0,29.13
2023-06-13,4.148250102996826,42.65,142.02,29.4
2023-06-14,4.151000022888184,42.08,141.49,29.12
2023-06-15,4.107250213623047,42.36,143.09,29.37
2023-06-16,4.0929999351501465,42.18,143.26,29.19
2023-06-20,4.0370001792907715,41.89,142.53,28.87
2023-06-21,4.061500072479248,41.65,142.32,28.57
2023-06-22,3.936500072479248,41.06,139.58,27.96
2023-06-23,3.878750085830689,40.61,138.85,27.75
2023-06-26,3.9170000553131104,40.59,139.19,28.09
2023-06-27,3.957750082015991,40.91,139.2,28.24
2023-06-28,3.933500051498413,40.62,138.59,28.07
2023-06-29,3.993499994277954,42.45,143.43,28.66
2023-06-30,4.025750160217285,42.68,145.44,28.69
2023-07-03,4.09975004196167,43.4,146.61,29.2
2023-07-05,4.091000080108643,43.48,144.64,29.08
2023-07-06,3.9407498836517334,42.89,143.21,28.28
2023-07-07,4.060999870300293,42.77,144.34,28.53
2023-07-10,4.082499980926514,42.32,145.15,28.66
2023-07-11,4.129749774932861,42.74,147.42,29.02
2023-07-12,4.228750228881836,43.26,148.15,29.36
2023-07-13,4.243249893188477,43.71,148.87,29.67
2023-07-14,4.185500144958496,43.56,149.77,29.11
2023-07-17,4.229750156402588,44.74,153.38,29.4
2023-07-18,4.3742499351501465,45.6,153.66,30.7
2023-07-19,4.434000015258789,46.26,154.25,31.53
2023-07-20,4.448750019073486,47.13,156.15,31.69
2023-07-21,4.43625020980835,45.96,154.95,31.98
2023-07-24,4.500999927520752,46.42,158.0,32.65
2023-07-25,4.510749816894531,45.48,156.82,32.15
2023-07-26,4.539999961853027,46.44,157.76,32.41
2023-07-27,4.581500053405762,45.77,156.02,31.95
2023-07-28,4.565499782562256,46.14,156.91,31.9
2023-07-31,4.559750080108643,46.16,157.96,32.0
2023-08-01,4.475249767303467,45.71,157.18,31.62
2023-08-02,4.445499897003174,45.1,155.4,31.19
2023-08-03,4.487750053405762,45.15,156.35,31.41
2023-08-04,4.539000034332275,44.85,156.02,31.3
2023-08-07,4.538000106811523,45.06,156.76,31.88
2023-08-08,4.411499977111816,44.48,155.88,31.27
2023-08-09,4.427499771118164,43.72,153.79,30.86
2023-08-10,4.427750110626221,43.67,153.56,30.94
2023-08-11,4.424499988555908,43.73,154.45,31.29
2023-08-14,4.356750011444092,43.74,154.77,30.93
2023-08-15,4.253749847412109,42.73,150.83,29.94
2023-08-16,4.190499782562256,42.22,150.19,29.29
2023-08-17,4.177499771118164,42.47,148.63,29.28
2023-08-18,4.164000034332275,42.5,148.97,29.11
2023-08-21,4.112500190734863,42.49,149.48,29.15
2023-08-22,4.0607500076293945,41.5,146.38,28.44
2023-08-23,4.065999984741211,41.61,147.37,28.45
2023-08-24,4.0879998207092285,41.43,147.23,28.62
2023-08-25,4.059000015258789,41.23,147.05,28.5
2023-08-29,4.1529998779296875,42.0,148.76,29.17
2023-08-30,4.142000198364258,41.54,148.16,29.04
2023-08-31,4.1545000076293945,41.29,146.33,28.67
2023-09-01,4.203249931335449,41.65,146.82,28.98
2023-09-05,4.168499946594238,41.54,145.2,28.65
2023-09-06,4.081999778747559,41.02,144.96,28.39
2023-09-07,4.040500164031982,40.43,143.72,28.13
2023-09-08,4.03249979019165,41.0,143.83,28.36
2023-09-11,4.086750030517578,41.33,144.46,28.48
2023-09-12,4.118500232696533,42.54,146.34,28.97
2023-09-13,4.116499900817871,42.25,146.41,28.88
2023-09-14,4.168000221252441,43.05,149.25,29.2
2023-09-15,4.146500110626221,42.95,148.81,28.84
2023-09-18,4.105500221252441,43.43,149.12,28.76
2023-09-19,4.071750164031982,43.22,148.93,28.65
2023-09-20,4.140999794006348,42.87,148.3,28.55
2023-09-21,4.036499977111816,42.32,147.14,28.05
2023-09-22,3.965749979019165,41.23,145.73,27.64
2023-09-25,3.9704999923706055,41.56,146.45,27.6
2023-09-26,3.968250036239624,40.65,144.93,27.17
2023-09-27,3.934000015258789,40.86,145.78,27.27
2023-09-28,3.960249900817871,40.91,147.59,27.56
2023-09-29,4.018750190734863,40.86,145.02,27.38
2023-10-02,3.8984999656677246,39.61,143.77,26.7
2023-10-03,3.805000066757202,38.67,142.71,25.91
2023-10-04,3.7834999561309814,38.97,143.35,25.94
2023-10-05,3.815500020980835,39.3,142.9,26.06
2023-10-06,3.864000082015991,39.69,145.1,26.07
2023-10-09,3.880749940872192,39.7,144.77,26.31
2023-10-10,3.968250036239624,39.82,145.65,27.01
2023-10-11,3.957750082015991,39.69,146.15,27.02
2023-10-12,3.941750049591065,39.74,145.81,26.9
2023-10-13,3.944999933242798,40.96,148.0,26.76
2023-10-16,3.946000099182129,41.65,147.85,26.99
2023-10-17,4.017749786376953,41.98,147.53,27.62
2023-10-18,3.9660000801086426,41.53,145.91,27.31
2023-10-19,3.9614999294281006,41.18,145.29,26.96
2023-10-20,3.785500049591065,40.27,142.95,26.31
2023-10-23,3.7695000171661377,39.48,141.0,25.57
2023-10-24,3.688499927520752,39.28,141.17,25.47
2023-10-25,3.6700000762939458,39.03,140.4,25.55
2023-10-26,3.7715001106262207,39.65,140.76,26.12
2023-10-27,3.7274999618530273,38.76,135.69,25.17
2023-10-30,3.7100000381469727,39.43,137.42,25.69
2023-10-31,3.756249904632568,39.77,139.06,26.34
2023-11-01,3.767250061035156,39.61,138.94,26.4
2023-11-02,3.91825008392334,40.51,141.42,27.62
2023-11-03,4.105500221252441,41.62,143.0,28.42
2023-11-06,4.078499794006348,41.34,144.08,28.33
2023-11-07,4.0304999351501465,41.04,144.01,28.16
2023-11-08,4.009250164031982,40.98,144.72,27.89
2023-11-09,4.0,40.4,144.29,27.53
2023-11-10,3.933500051498413,40.89,146.43,27.68
2023-11-13,3.9784998893737793,40.77,145.78,27.7
2023-11-14,4.244999885559082,42.08,148.44,29.22
2023-11-15,4.277249813079834,42.84,149.74,29.62
2023-11-16,4.242800235748291,42.53,151.45,29.54
2023-11-17,4.291999816894531,42.96,152.82,29.98
2023-11-20,4.29449987411499,42.79,153.29,30.01
2023-11-21,4.25600004196167,42.6,152.97,29.66
2023-11-22,4.241499900817871,42.78,153.33,29.63
2023-11-24,4.248000144958496,42.92,153.54,29.73
2023-11-27,4.227499961853027,43.02,153.19,29.56
2023-11-28,4.241000175476074,43.37,153.54,29.53
2023-11-29,4.340000152587891,43.78,154.32,30.31
2023-11-30,4.3707499504089355,44.59,156.08,30.49
2023-12-01,4.452499866485596,45.02,156.84,30.96
2023-12-04,4.526000022888184,45.12,157.99,30.82
2023-12-05,4.528500080108643,44.49,157.97,30.58
2023-12-06,4.612750053405762,44.5,156.31,30.53
2023-12-07,4.554500102996826,45.4,156.79,30.66
2023-12-08,4.617000102996826,46.1,158.52,30.96
2023-12-11,4.618000030517578,46.0,159.1,30.85
2023-12-12,4.599249839782715,46.47,160.52,30.74
2023-12-13,4.610000133514404,47.76,161.06,32.04
2023-12-14,5.0229997634887695,50.51,163.99,33.94
2023-12-15,5.019000053405762,50.31,165.23,33.6
2023-12-18,4.97599983215332,49.66,166.23,33.43
2023-12-19,4.956500053405762,50.09,168.45,33.51
2023-12-20,5.003499984741211,49.34,166.55,32.98
2023-12-21,4.924499988555908,49.45,167.5,33.2
2023-12-22,4.9407501220703125,49.18,167.4,33.43
2023-12-27,5.004000186920166,49.33,169.4,33.84
2023-12-28,5.013000011444092,49.48,170.3,33.88
2023-12-29,5.01200008392334,49.22,170.1,33.67
