Date,WFC Close Price
1/2/2013 16:00:00,35.05
1/3/2013 16:00:00,34.76
1/4/2013 16:00:00,34.94
1/7/2013 16:00:00,34.77
1/8/2013 16:00:00,34.71
1/9/2013 16:00:00,34.71
1/10/2013 16:00:00,35.4
1/11/2013 16:00:00,35.1
1/14/2013 16:00:00,34.77
1/15/2013 16:00:00,35.11
1/16/2013 16:00:00,35.09
1/17/2013 16:00:00,35.03
1/18/2013 16:00:00,34.93
1/22/2013 16:00:00,35.04
1/23/2013 16:00:00,34.95
1/24/2013 16:00:00,35.16
1/25/2013 16:00:00,35.14
1/28/2013 16:00:00,35.11
1/29/2013 16:00:00,35.27
1/30/2013 16:00:00,34.97
1/31/2013 16:00:00,34.83
2/1/2013 16:00:00,35.13
2/4/2013 16:00:00,34.76
2/5/2013 16:00:00,34.85
2/6/2013 16:00:00,34.97
2/7/2013 16:00:00,34.66
2/8/2013 16:00:00,34.88
2/11/2013 16:00:00,35.26
2/12/2013 16:00:00,35.51
2/13/2013 16:00:00,35.13
2/14/2013 16:00:00,35.21
2/15/2013 16:00:00,35.16
2/19/2013 16:00:00,35.14
2/20/2013 16:00:00,35.1
2/21/2013 16:00:00,35.46
2/22/2013 16:00:00,35.82
2/25/2013 16:00:00,34.79
2/26/2013 16:00:00,34.75
2/27/2013 16:00:00,35.13
2/28/2013 16:00:00,35.08
3/1/2013 16:00:00,35.39
3/4/2013 16:00:00,35.85
3/5/2013 16:00:00,35.88
3/6/2013 16:00:00,36.05
3/7/2013 16:00:00,36.42
3/8/2013 16:00:00,36.5
3/11/2013 16:00:00,37.13
3/12/2013 16:00:00,36.66
3/13/2013 16:00:00,36.77
3/14/2013 16:00:00,36.97
3/15/2013 16:00:00,38.2
3/18/2013 16:00:00,37.76
3/19/2013 16:00:00,37.49
3/20/2013 16:00:00,37.44
3/21/2013 16:00:00,37.14
3/22/2013 16:00:00,37.2
3/25/2013 16:00:00,37.21
3/26/2013 16:00:00,37.3
3/27/2013 16:00:00,36.98
3/28/2013 16:00:00,36.99
4/1/2013 16:00:00,36.93
4/2/2013 16:00:00,36.88
4/3/2013 16:00:00,36.67
4/4/2013 16:00:00,37.42
4/5/2013 16:00:00,37.15
4/8/2013 16:00:00,37.02
4/9/2013 16:00:00,37.45
4/10/2013 16:00:00,37.57
4/11/2013 16:00:00,37.51
4/12/2013 16:00:00,37.21
4/15/2013 16:00:00,36.57
4/16/2013 16:00:00,37.06
4/17/2013 16:00:00,36.56
4/18/2013 16:00:00,36.27
4/19/2013 16:00:00,36.69
4/22/2013 16:00:00,36.73
4/23/2013 16:00:00,37.13
4/24/2013 16:00:00,37.34
4/25/2013 16:00:00,37.64
4/26/2013 16:00:00,37.88
4/29/2013 16:00:00,37.88
4/30/2013 16:00:00,37.98
5/1/2013 16:00:00,37.46
5/2/2013 16:00:00,37.41
5/3/2013 16:00:00,37.74
5/6/2013 16:00:00,37.9
5/7/2013 16:00:00,38.4
5/8/2013 16:00:00,38.45
5/9/2013 16:00:00,37.89
5/10/2013 16:00:00,38.03
5/13/2013 16:00:00,38.2
5/14/2013 16:00:00,38.76
5/15/2013 16:00:00,39.3
5/16/2013 16:00:00,39.26
5/17/2013 16:00:00,39.88
5/20/2013 16:00:00,40.2
5/21/2013 16:00:00,40.68
5/22/2013 16:00:00,40.1
5/23/2013 16:00:00,40.01
5/24/2013 16:00:00,40.24
5/28/2013 16:00:00,40.52
5/29/2013 16:00:00,40.75
5/30/2013 16:00:00,41.25
5/31/2013 16:00:00,40.55
6/3/2013 16:00:00,40.73
6/4/2013 16:00:00,40.44
6/5/2013 16:00:00,39.82
6/6/2013 16:00:00,40.72
6/7/2013 16:00:00,41.25
6/10/2013 16:00:00,41.27
6/11/2013 16:00:00,40.66
6/12/2013 16:00:00,40.27
6/13/2013 16:00:00,40.94
6/14/2013 16:00:00,40.16
6/17/2013 16:00:00,40.61
6/18/2013 16:00:00,40.84
6/19/2013 16:00:00,40.66
6/20/2013 16:00:00,40.09
6/21/2013 16:00:00,40.96
6/24/2013 16:00:00,39.8
6/25/2013 16:00:00,40.3
6/26/2013 16:00:00,41.02
6/27/2013 16:00:00,41.56
6/28/2013 16:00:00,41.27
7/1/2013 16:00:00,41.36
7/2/2013 16:00:00,41.22
7/3/2013 16:00:00,41.22
7/5/2013 16:00:00,42.07
7/8/2013 16:00:00,42.83
7/9/2013 16:00:00,42.7
7/10/2013 16:00:00,42.07
7/11/2013 16:00:00,41.89
7/12/2013 16:00:00,42.63
7/15/2013 16:00:00,43.35
7/16/2013 16:00:00,43.02
7/17/2013 16:00:00,43.51
7/18/2013 16:00:00,44.41
7/19/2013 16:00:00,44.45
7/22/2013 16:00:00,44.63
7/23/2013 16:00:00,44.57
7/24/2013 16:00:00,44.31
7/25/2013 16:00:00,43.65
7/26/2013 16:00:00,43.51
7/29/2013 16:00:00,43.25
7/30/2013 16:00:00,43.26
7/31/2013 16:00:00,43.5
8/1/2013 16:00:00,44.26
8/2/2013 16:00:00,44.49
8/5/2013 16:00:00,44.34
8/6/2013 16:00:00,44.03
8/7/2013 16:00:00,43.27
8/8/2013 16:00:00,43.22
8/9/2013 16:00:00,43.23
8/12/2013 16:00:00,43.2
8/13/2013 16:00:00,43.32
8/14/2013 16:00:00,43.1
8/15/2013 16:00:00,42.99
8/16/2013 16:00:00,42.75
8/19/2013 16:00:00,42.49
8/20/2013 16:00:00,42.59
8/21/2013 16:00:00,42.36
8/22/2013 16:00:00,42.48
8/23/2013 16:00:00,42.76
8/26/2013 16:00:00,42.39
8/27/2013 16:00:00,41.11
8/28/2013 16:00:00,41.25
8/29/2013 16:00:00,41.25
8/30/2013 16:00:00,41.08
9/3/2013 16:00:00,41.39
9/4/2013 16:00:00,41.5
9/5/2013 16:00:00,41.82
9/6/2013 16:00:00,41.43
9/9/2013 16:00:00,41.72
9/10/2013 16:00:00,42.45
9/11/2013 16:00:00,42.5
9/12/2013 16:00:00,42.26
9/13/2013 16:00:00,42.19
9/16/2013 16:00:00,42.89
9/17/2013 16:00:00,42.85
9/18/2013 16:00:00,43.31
9/19/2013 16:00:00,42.96
9/20/2013 16:00:00,42.85
9/23/2013 16:00:00,42.31
9/24/2013 16:00:00,41.73
9/25/2013 16:00:00,41.81
9/26/2013 16:00:00,41.61
9/27/2013 16:00:00,41.59
9/30/2013 16:00:00,41.32
10/1/2013 16:00:00,41.49
10/2/2013 16:00:00,41.26
10/3/2013 16:00:00,41
10/4/2013 16:00:00,41.3
10/7/2013 16:00:00,40.62
10/8/2013 16:00:00,40.24
10/9/2013 16:00:00,40.36
10/10/2013 16:00:00,41.44
10/11/2013 16:00:00,41.43
10/14/2013 16:00:00,41.75
10/15/2013 16:00:00,41.54
10/16/2013 16:00:00,42.21
10/17/2013 16:00:00,42.68
10/18/2013 16:00:00,42.68
10/21/2013 16:00:00,42.62
10/22/2013 16:00:00,42.94
10/23/2013 16:00:00,42.76
10/24/2013 16:00:00,42.69
10/25/2013 16:00:00,42.86
10/28/2013 16:00:00,42.83
10/29/2013 16:00:00,42.96
10/30/2013 16:00:00,43.1
10/31/2013 16:00:00,42.69
11/1/2013 16:00:00,42.67
11/4/2013 16:00:00,42.7
11/5/2013 16:00:00,42.63
11/6/2013 16:00:00,42.44
11/7/2013 16:00:00,41.71
11/8/2013 16:00:00,42.71
11/11/2013 16:00:00,42.75
11/12/2013 16:00:00,42.28
11/13/2013 16:00:00,42.76
11/14/2013 16:00:00,43.09
11/15/2013 16:00:00,43.54
11/18/2013 16:00:00,43.41
11/19/2013 16:00:00,43.56
11/20/2013 16:00:00,43.62
11/21/2013 16:00:00,44.08
11/22/2013 16:00:00,44.36
11/25/2013 16:00:00,44.48
11/26/2013 16:00:00,44.31
11/27/2013 16:00:00,44.27
11/29/2013 16:00:00,44.02
12/2/2013 16:00:00,44.18
12/3/2013 16:00:00,43.73
12/4/2013 16:00:00,43.75
12/5/2013 16:00:00,43.25
12/6/2013 16:00:00,44.11
12/9/2013 16:00:00,44.32
12/10/2013 16:00:00,44.11
12/11/2013 16:00:00,43.52
12/12/2013 16:00:00,43.5
12/13/2013 16:00:00,43.73
12/16/2013 16:00:00,43.98
12/17/2013 16:00:00,43.59
12/18/2013 16:00:00,44.93
12/19/2013 16:00:00,45.02
12/20/2013 16:00:00,44.96
12/23/2013 16:00:00,45.21
12/24/2013 16:00:00,45.39
12/26/2013 16:00:00,45.54
12/27/2013 16:00:00,45.5
12/30/2013 16:00:00,45.5
12/31/2013 16:00:00,45.4
1/2/2014 16:00:00,45.02
1/3/2014 16:00:00,45.34
1/6/2014 16:00:00,45.42
1/7/2014 16:00:00,45.4
1/8/2014 16:00:00,45.92
1/9/2014 16:00:00,46.16
1/10/2014 16:00:00,45.94
1/13/2014 16:00:00,45.56
1/14/2014 16:00:00,45.59
1/15/2014 16:00:00,46.4
1/16/2014 16:00:00,46.39
1/17/2014 16:00:00,46.39
1/21/2014 16:00:00,46.5
1/22/2014 16:00:00,46.67
1/23/2014 16:00:00,46.35
1/24/2014 16:00:00,45.48
1/27/2014 16:00:00,45.53
1/28/2014 16:00:00,45.96
1/29/2014 16:00:00,45.59
1/30/2014 16:00:00,46.05
1/31/2014 16:00:00,45.34
2/3/2014 16:00:00,44.43
2/4/2014 16:00:00,44.77
2/5/2014 16:00:00,44.23
2/6/2014 16:00:00,44.78
2/7/2014 16:00:00,45.37
2/10/2014 16:00:00,45.52
2/11/2014 16:00:00,45.97
2/12/2014 16:00:00,45.99
2/13/2014 16:00:00,45.98
2/14/2014 16:00:00,46.13
2/18/2014 16:00:00,46.13
2/19/2014 16:00:00,45.53
2/20/2014 16:00:00,45.63
2/21/2014 16:00:00,45.6
2/24/2014 16:00:00,46.08
2/25/2014 16:00:00,46.08
2/26/2014 16:00:00,46.05
2/27/2014 16:00:00,46.05
2/28/2014 16:00:00,46.42
3/3/2014 16:00:00,46.15
3/4/2014 16:00:00,46.74
3/5/2014 16:00:00,47.09
3/6/2014 16:00:00,47.34
3/7/2014 16:00:00,47.95
3/10/2014 16:00:00,48.15
3/11/2014 16:00:00,47.81
3/12/2014 16:00:00,48.12
3/13/2014 16:00:00,47.84
3/14/2014 16:00:00,47.4
3/17/2014 16:00:00,48.13
3/18/2014 16:00:00,48.4
3/19/2014 16:00:00,47.81
3/20/2014 16:00:00,49.03
3/21/2014 16:00:00,49.12
3/24/2014 16:00:00,48.98
3/25/2014 16:00:00,48.96
3/26/2014 16:00:00,48.5
3/27/2014 16:00:00,49.1
3/28/2014 16:00:00,49.29
3/31/2014 16:00:00,49.74
4/1/2014 16:00:00,49.77
4/2/2014 16:00:00,49.76
4/3/2014 16:00:00,49.83
4/4/2014 16:00:00,49.56
4/7/2014 16:00:00,48.66
4/8/2014 16:00:00,48.83
4/9/2014 16:00:00,49.1
4/10/2014 16:00:00,47.71
4/11/2014 16:00:00,48.08
4/14/2014 16:00:00,48.11
4/15/2014 16:00:00,48.78
4/16/2014 16:00:00,49.09
4/17/2014 16:00:00,48.93
4/21/2014 16:00:00,49.12
4/22/2014 16:00:00,49.23
4/23/2014 16:00:00,49.59
4/24/2014 16:00:00,49.32
4/25/2014 16:00:00,49.05
4/28/2014 16:00:00,48.94
4/29/2014 16:00:00,49.47
4/30/2014 16:00:00,49.64
5/1/2014 16:00:00,49.64
5/2/2014 16:00:00,49.58
5/5/2014 16:00:00,49.56
5/6/2014 16:00:00,49.09
5/7/2014 16:00:00,49.39
5/8/2014 16:00:00,49.33
5/9/2014 16:00:00,49.08
5/12/2014 16:00:00,49.76
5/13/2014 16:00:00,49.81
5/14/2014 16:00:00,49.29
5/15/2014 16:00:00,49.03
5/16/2014 16:00:00,49.08
5/19/2014 16:00:00,49.49
5/20/2014 16:00:00,48.96
5/21/2014 16:00:00,49.67
5/22/2014 16:00:00,49.99
5/23/2014 16:00:00,50.16
5/27/2014 16:00:00,50.55
5/28/2014 16:00:00,50.44
5/29/2014 16:00:00,50.27
5/30/2014 16:00:00,50.78
6/2/2014 16:00:00,51.09
6/3/2014 16:00:00,51.09
6/4/2014 16:00:00,51.04
6/5/2014 16:00:00,51.63
6/6/2014 16:00:00,51.98
6/9/2014 16:00:00,52.51
6/10/2014 16:00:00,52.59
6/11/2014 16:00:00,52.24
6/12/2014 16:00:00,51.71
6/13/2014 16:00:00,51.9
6/16/2014 16:00:00,51.09
6/17/2014 16:00:00,51.66
6/18/2014 16:00:00,52.04
6/19/2014 16:00:00,52.02
6/20/2014 16:00:00,52.89
6/23/2014 16:00:00,52.98
6/24/2014 16:00:00,52.49
6/25/2014 16:00:00,52.6
6/26/2014 16:00:00,52.37
6/27/2014 16:00:00,52.9
6/30/2014 16:00:00,52.56
7/1/2014 16:00:00,52.72
7/2/2014 16:00:00,52.66
7/3/2014 16:00:00,53
7/7/2014 16:00:00,52.5
7/8/2014 16:00:00,52.25
7/9/2014 16:00:00,52.19
7/10/2014 16:00:00,51.81
7/11/2014 16:00:00,51.49
7/14/2014 16:00:00,51.31
7/15/2014 16:00:00,51.35
7/16/2014 16:00:00,51.17
7/17/2014 16:00:00,50.68
7/18/2014 16:00:00,51.28
7/21/2014 16:00:00,51.05
7/22/2014 16:00:00,51.35
7/23/2014 16:00:00,51.33
7/24/2014 16:00:00,51.59
7/25/2014 16:00:00,51.6
7/28/2014 16:00:00,51.6
7/29/2014 16:00:00,51.54
7/30/2014 16:00:00,52.1
7/31/2014 16:00:00,50.9
8/1/2014 16:00:00,50.35
8/4/2014 16:00:00,50.99
8/5/2014 16:00:00,50.4
8/6/2014 16:00:00,50.06
8/7/2014 16:00:00,49.7
8/8/2014 16:00:00,50
8/11/2014 16:00:00,49.89
8/12/2014 16:00:00,49.78
8/13/2014 16:00:00,49.99
8/14/2014 16:00:00,50.38
8/15/2014 16:00:00,50.21
8/18/2014 16:00:00,50.69
8/19/2014 16:00:00,50.86
8/20/2014 16:00:00,50.85
8/21/2014 16:00:00,51.29
8/22/2014 16:00:00,51.18
8/25/2014 16:00:00,51.45
8/26/2014 16:00:00,51.56
8/27/2014 16:00:00,51.34
8/28/2014 16:00:00,51.15
8/29/2014 16:00:00,51.44
9/2/2014 16:00:00,51.57
9/3/2014 16:00:00,51.55
9/4/2014 16:00:00,51.57
9/5/2014 16:00:00,51.65
9/8/2014 16:00:00,51.47
9/9/2014 16:00:00,51.07
9/10/2014 16:00:00,51.52
9/11/2014 16:00:00,51.59
9/12/2014 16:00:00,51.7
9/15/2014 16:00:00,51.94
9/16/2014 16:00:00,52.31
9/17/2014 16:00:00,52.51
9/18/2014 16:00:00,53.24
9/19/2014 16:00:00,53.36
9/22/2014 16:00:00,52.9
9/23/2014 16:00:00,52.1
9/24/2014 16:00:00,52.13
9/25/2014 16:00:00,51.41
9/26/2014 16:00:00,51.87
9/29/2014 16:00:00,51.69
9/30/2014 16:00:00,51.87
10/1/2014 16:00:00,51.26
10/2/2014 16:00:00,51.4
10/3/2014 16:00:00,52.1
10/6/2014 16:00:00,52.03
10/7/2014 16:00:00,51.08
10/8/2014 16:00:00,52.15
10/9/2014 16:00:00,51.12
10/10/2014 16:00:00,50.64
10/13/2014 16:00:00,50.2
10/14/2014 16:00:00,48.83
10/15/2014 16:00:00,47.85
10/16/2014 16:00:00,48.13
10/17/2014 16:00:00,48.69
10/20/2014 16:00:00,49.18
10/21/2014 16:00:00,50.45
10/22/2014 16:00:00,50.17
10/23/2014 16:00:00,50.6
10/24/2014 16:00:00,51.2
10/27/2014 16:00:00,51.31
10/28/2014 16:00:00,51.78
10/29/2014 16:00:00,52.17
10/30/2014 16:00:00,52.46
10/31/2014 16:00:00,53.09
11/3/2014 16:00:00,53.37
11/4/2014 16:00:00,53.27
11/5/2014 16:00:00,53.53
11/6/2014 16:00:00,54.06
11/7/2014 16:00:00,53.84
11/10/2014 16:00:00,53.83
11/11/2014 16:00:00,53.58
11/12/2014 16:00:00,53.54
11/13/2014 16:00:00,53.39
11/14/2014 16:00:00,53.35
11/17/2014 16:00:00,53.44
11/18/2014 16:00:00,53.27
11/19/2014 16:00:00,53.36
11/20/2014 16:00:00,53.48
11/21/2014 16:00:00,53.81
11/24/2014 16:00:00,54.1
11/25/2014 16:00:00,53.88
11/26/2014 16:00:00,54.28
11/28/2014 16:00:00,54.48
12/1/2014 16:00:00,53.82
12/2/2014 16:00:00,54.22
12/3/2014 16:00:00,54.39
12/4/2014 16:00:00,54.5
12/5/2014 16:00:00,55.03
12/8/2014 16:00:00,54.77
12/9/2014 16:00:00,54.83
12/10/2014 16:00:00,54.26
12/11/2014 16:00:00,54.43
12/12/2014 16:00:00,53.7
12/15/2014 16:00:00,53.19
12/16/2014 16:00:00,52.77
12/17/2014 16:00:00,53.79
12/18/2014 16:00:00,55.21
12/19/2014 16:00:00,54.45
12/22/2014 16:00:00,54.97
12/23/2014 16:00:00,55.47
12/24/2014 16:00:00,55.34
12/26/2014 16:00:00,55.28
12/29/2014 16:00:00,55.71
12/30/2014 16:00:00,55.42
12/31/2014 16:00:00,54.82
1/2/2015 16:00:00,54.7
1/5/2015 16:00:00,53.2
1/6/2015 16:00:00,52.09
1/7/2015 16:00:00,52.4
1/8/2015 16:00:00,53.56
1/9/2015 16:00:00,52.68
1/12/2015 16:00:00,52.05
1/13/2015 16:00:00,51.85
1/14/2015 16:00:00,51.25
1/15/2015 16:00:00,50.72
1/16/2015 16:00:00,51.64
1/20/2015 16:00:00,52
1/21/2015 16:00:00,52.1
1/22/2015 16:00:00,53.77
1/23/2015 16:00:00,53.26
1/26/2015 16:00:00,53.58
1/27/2015 16:00:00,52.97
1/28/2015 16:00:00,52.16
1/29/2015 16:00:00,52.76
1/30/2015 16:00:00,51.92
2/2/2015 16:00:00,52.81
2/3/2015 16:00:00,53.45
2/4/2015 16:00:00,53.03
2/5/2015 16:00:00,53.67
2/6/2015 16:00:00,54.45
2/9/2015 16:00:00,54.21
2/10/2015 16:00:00,54.57
2/11/2015 16:00:00,53.9
2/12/2015 16:00:00,54.86
2/13/2015 16:00:00,55.33
2/17/2015 16:00:00,55.37
2/18/2015 16:00:00,54.52
2/19/2015 16:00:00,54.56
2/20/2015 16:00:00,54.83
2/23/2015 16:00:00,55.1
2/24/2015 16:00:00,55.37
2/25/2015 16:00:00,55.33
2/26/2015 16:00:00,55.15
2/27/2015 16:00:00,54.79
3/2/2015 16:00:00,55.55
3/3/2015 16:00:00,55.45
3/4/2015 16:00:00,54.82
3/5/2015 16:00:00,54.84
3/6/2015 16:00:00,54.59
3/9/2015 16:00:00,54.67
3/10/2015 16:00:00,53.29
3/11/2015 16:00:00,53.7
3/12/2015 16:00:00,55.59
3/13/2015 16:00:00,55.34
3/16/2015 16:00:00,55.73
3/17/2015 16:00:00,55.91
3/18/2015 16:00:00,56.17
3/19/2015 16:00:00,55.51
3/20/2015 16:00:00,56.01
3/23/2015 16:00:00,55.78
3/24/2015 16:00:00,55.35
3/25/2015 16:00:00,54.54
3/26/2015 16:00:00,54.5
3/27/2015 16:00:00,54.12
3/30/2015 16:00:00,54.77
3/31/2015 16:00:00,54.4
4/1/2015 16:00:00,53.94
4/2/2015 16:00:00,54.37
4/6/2015 16:00:00,54.08
4/7/2015 16:00:00,54.02
4/8/2015 16:00:00,54
4/9/2015 16:00:00,54.19
4/10/2015 16:00:00,54.32
4/13/2015 16:00:00,54.59
4/14/2015 16:00:00,54.19
4/15/2015 16:00:00,54.81
4/16/2015 16:00:00,54.81
4/17/2015 16:00:00,54.05
4/20/2015 16:00:00,54.36
4/21/2015 16:00:00,54.28
4/22/2015 16:00:00,54.67
4/23/2015 16:00:00,54.86
4/24/2015 16:00:00,54.7
4/27/2015 16:00:00,54.97
4/28/2015 16:00:00,55.41
4/29/2015 16:00:00,55.46
4/30/2015 16:00:00,55.1
5/1/2015 16:00:00,55.19
5/4/2015 16:00:00,55.73
5/5/2015 16:00:00,55.72
5/6/2015 16:00:00,54.92
5/7/2015 16:00:00,54.81
5/8/2015 16:00:00,56.05
5/11/2015 16:00:00,55.51
5/12/2015 16:00:00,55.47
5/13/2015 16:00:00,55.6
5/14/2015 16:00:00,56.04
5/15/2015 16:00:00,55.52
5/18/2015 16:00:00,55.75
5/19/2015 16:00:00,56.4
5/20/2015 16:00:00,56.08
5/21/2015 16:00:00,56.01
5/22/2015 16:00:00,56
5/26/2015 16:00:00,55.66
5/27/2015 16:00:00,56.07
5/28/2015 16:00:00,56.21
5/29/2015 16:00:00,55.96
6/1/2015 16:00:00,56.04
6/2/2015 16:00:00,56.18
6/3/2015 16:00:00,56.91
6/4/2015 16:00:00,56.14
6/5/2015 16:00:00,56.61
6/8/2015 16:00:00,56.12
6/9/2015 16:00:00,56.7
6/10/2015 16:00:00,57.21
6/11/2015 16:00:00,57.26
6/12/2015 16:00:00,57.09
6/15/2015 16:00:00,56.98
6/16/2015 16:00:00,57.22
6/17/2015 16:00:00,57.17
6/18/2015 16:00:00,57.7
6/19/2015 16:00:00,57.05
6/22/2015 16:00:00,57.91
6/23/2015 16:00:00,57.89
6/24/2015 16:00:00,57.54
6/25/2015 16:00:00,57.17
6/26/2015 16:00:00,57.44
6/29/2015 16:00:00,56.06
6/30/2015 16:00:00,56.24
7/1/2015 16:00:00,56.91
7/2/2015 16:00:00,56.74
7/6/2015 16:00:00,56.44
7/7/2015 16:00:00,56.25
7/8/2015 16:00:00,55.25
7/9/2015 16:00:00,55.5
7/10/2015 16:00:00,56.08
7/13/2015 16:00:00,56.74
7/14/2015 16:00:00,57.25
7/15/2015 16:00:00,57.78
7/16/2015 16:00:00,58.17
7/17/2015 16:00:00,57.94
7/20/2015 16:00:00,58.05
7/21/2015 16:00:00,57.95
7/22/2015 16:00:00,58.52
7/23/2015 16:00:00,58.21
7/24/2015 16:00:00,57.78
7/27/2015 16:00:00,57.59
7/28/2015 16:00:00,57.4
7/29/2015 16:00:00,57.96
7/30/2015 16:00:00,58.15
7/31/2015 16:00:00,57.87
8/3/2015 16:00:00,57.91
8/4/2015 16:00:00,57.82
8/5/2015 16:00:00,57.65
8/6/2015 16:00:00,57.53
8/7/2015 16:00:00,57.47
8/10/2015 16:00:00,57.94
8/11/2015 16:00:00,57.21
8/12/2015 16:00:00,56.72
8/13/2015 16:00:00,56.89
8/14/2015 16:00:00,57.33
8/17/2015 16:00:00,57.35
8/18/2015 16:00:00,57.54
8/19/2015 16:00:00,57.06
8/20/2015 16:00:00,56.12
8/21/2015 16:00:00,53.97
8/24/2015 16:00:00,51.25
8/25/2015 16:00:00,50.02
8/26/2015 16:00:00,52.3
8/27/2015 16:00:00,54.03
8/28/2015 16:00:00,53.54
8/31/2015 16:00:00,53.33
9/1/2015 16:00:00,50.99
9/2/2015 16:00:00,51.99
9/3/2015 16:00:00,52.43
9/4/2015 16:00:00,51.29
9/8/2015 16:00:00,52.93
9/9/2015 16:00:00,52.19
9/10/2015 16:00:00,52.56
9/11/2015 16:00:00,52.62
9/14/2015 16:00:00,52.77
9/15/2015 16:00:00,53.47
9/16/2015 16:00:00,53.72
9/17/2015 16:00:00,52.21
9/18/2015 16:00:00,51.04
9/21/2015 16:00:00,51.55
9/22/2015 16:00:00,50.69
9/23/2015 16:00:00,50.78
9/24/2015 16:00:00,50.55
9/25/2015 16:00:00,51.48
9/28/2015 16:00:00,50.37
9/29/2015 16:00:00,50.89
9/30/2015 16:00:00,51.35
10/1/2015 16:00:00,51.44
10/2/2015 16:00:00,51.26
10/5/2015 16:00:00,52.41
10/6/2015 16:00:00,52.03
10/7/2015 16:00:00,52.19
10/8/2015 16:00:00,52.54
10/9/2015 16:00:00,52.14
10/12/2015 16:00:00,52.18
10/13/2015 16:00:00,51.86
10/14/2015 16:00:00,51.5
10/15/2015 16:00:00,52.69
10/16/2015 16:00:00,52.88
10/19/2015 16:00:00,52.56
10/20/2015 16:00:00,53.08
10/21/2015 16:00:00,53.12
10/22/2015 16:00:00,54.06
10/23/2015 16:00:00,54.75
10/26/2015 16:00:00,54.29
10/27/2015 16:00:00,54.12
10/28/2015 16:00:00,55.45
10/29/2015 16:00:00,55.09
10/30/2015 16:00:00,54.14
11/2/2015 16:00:00,54.85
11/3/2015 16:00:00,54.93
11/4/2015 16:00:00,54.58
11/5/2015 16:00:00,54.86
11/6/2015 16:00:00,55.85
11/9/2015 16:00:00,55.47
11/10/2015 16:00:00,55.91
11/11/2015 16:00:00,55.8
11/12/2015 16:00:00,55.17
11/13/2015 16:00:00,54.57
11/16/2015 16:00:00,55.27
11/17/2015 16:00:00,54.96
11/18/2015 16:00:00,55.67
11/19/2015 16:00:00,55.97
11/20/2015 16:00:00,55.82
11/23/2015 16:00:00,55.6
11/24/2015 16:00:00,55.28
11/25/2015 16:00:00,55.22
11/27/2015 16:00:00,55.39
11/30/2015 16:00:00,55.1
12/1/2015 16:00:00,55.71
12/2/2015 16:00:00,55.08
12/3/2015 16:00:00,54.2
12/4/2015 16:00:00,55.67
12/7/2015 16:00:00,55.42
12/8/2015 16:00:00,54.4
12/9/2015 16:00:00,54.12
12/10/2015 16:00:00,54.34
12/11/2015 16:00:00,53.31
12/14/2015 16:00:00,53.2
12/15/2015 16:00:00,54.91
12/16/2015 16:00:00,55.85
12/17/2015 16:00:00,55.47
12/18/2015 16:00:00,53.79
12/21/2015 16:00:00,54.02
12/22/2015 16:00:00,54.34
12/23/2015 16:00:00,55.04
12/24/2015 16:00:00,54.82
12/28/2015 16:00:00,54.68
12/29/2015 16:00:00,55.29
12/30/2015 16:00:00,54.89
12/31/2015 16:00:00,54.36
1/4/2016 16:00:00,52.91
1/5/2016 16:00:00,52.89
1/6/2016 16:00:00,51.88
1/7/2016 16:00:00,50.4
1/8/2016 16:00:00,49.56
1/11/2016 16:00:00,50.09
1/12/2016 16:00:00,51.36
1/13/2016 16:00:00,49.73
1/14/2016 16:00:00,50.64
1/15/2016 16:00:00,48.82
1/19/2016 16:00:00,48.21
1/20/2016 16:00:00,47.87
1/21/2016 16:00:00,48.01
1/22/2016 16:00:00,49.02
1/25/2016 16:00:00,47.66
1/26/2016 16:00:00,48.26
1/27/2016 16:00:00,48.57
1/28/2016 16:00:00,48.92
1/29/2016 16:00:00,50.23
2/1/2016 16:00:00,49.94
2/2/2016 16:00:00,48.83
2/3/2016 16:00:00,47.6
2/4/2016 16:00:00,48.25
2/5/2016 16:00:00,47.86
2/8/2016 16:00:00,46.5
2/9/2016 16:00:00,46.45
2/10/2016 16:00:00,46.17
2/11/2016 16:00:00,45.16
2/12/2016 16:00:00,47.31
2/16/2016 16:00:00,48.24
2/17/2016 16:00:00,48.13
2/18/2016 16:00:00,47.73
2/19/2016 16:00:00,48.09
2/22/2016 16:00:00,49.19
2/23/2016 16:00:00,48.1
2/24/2016 16:00:00,47.61
2/25/2016 16:00:00,47.75
2/26/2016 16:00:00,48.07
2/29/2016 16:00:00,46.92
3/1/2016 16:00:00,48.72
3/2/2016 16:00:00,49.57
3/3/2016 16:00:00,49.77
3/4/2016 16:00:00,50.11
3/7/2016 16:00:00,50.07
3/8/2016 16:00:00,49.05
3/9/2016 16:00:00,48.79
3/10/2016 16:00:00,48.51
3/11/2016 16:00:00,50.07
3/14/2016 16:00:00,49.88
3/15/2016 16:00:00,49.98
3/16/2016 16:00:00,49.54
3/17/2016 16:00:00,49.73
3/18/2016 16:00:00,50.54
3/21/2016 16:00:00,50.67
3/22/2016 16:00:00,50.37
3/23/2016 16:00:00,49.76
3/24/2016 16:00:00,48.9
3/28/2016 16:00:00,48.7
3/29/2016 16:00:00,48.05
3/30/2016 16:00:00,48.65
3/31/2016 16:00:00,48.36
4/1/2016 16:00:00,48.45
4/4/2016 16:00:00,48.5
4/5/2016 16:00:00,47.51
4/6/2016 16:00:00,48.08
4/7/2016 16:00:00,46.93
4/8/2016 16:00:00,47.07
4/11/2016 16:00:00,47.03
4/12/2016 16:00:00,47.77
4/13/2016 16:00:00,49.03
4/14/2016 16:00:00,48.79
4/15/2016 16:00:00,48.25
4/18/2016 16:00:00,48.84
4/19/2016 16:00:00,49.88
4/20/2016 16:00:00,50.45
4/21/2016 16:00:00,50.05
4/22/2016 16:00:00,50.62
4/25/2016 16:00:00,50.51
4/26/2016 16:00:00,50.92
4/27/2016 16:00:00,50.93
4/28/2016 16:00:00,50.41
4/29/2016 16:00:00,49.98
5/2/2016 16:00:00,50.59
5/3/2016 16:00:00,50
5/4/2016 16:00:00,48.94
5/5/2016 16:00:00,48.96
5/6/2016 16:00:00,49.02
5/9/2016 16:00:00,48.88
5/10/2016 16:00:00,49.4
5/11/2016 16:00:00,49.08
5/12/2016 16:00:00,49.2
5/13/2016 16:00:00,48.24
5/16/2016 16:00:00,48.27
5/17/2016 16:00:00,47.62
5/18/2016 16:00:00,48.65
5/19/2016 16:00:00,48.38
5/20/2016 16:00:00,48.75
5/23/2016 16:00:00,48.7
5/24/2016 16:00:00,49.2
5/25/2016 16:00:00,50.5
5/26/2016 16:00:00,50.55
5/27/2016 16:00:00,50.85
5/31/2016 16:00:00,50.72
6/1/2016 16:00:00,51
6/2/2016 16:00:00,51.11
6/3/2016 16:00:00,50.19
6/6/2016 16:00:00,50.49
6/7/2016 16:00:00,50.27
6/8/2016 16:00:00,50
6/9/2016 16:00:00,49.14
6/10/2016 16:00:00,48.34
6/13/2016 16:00:00,47.97
6/14/2016 16:00:00,46.88
6/15/2016 16:00:00,46.78
6/16/2016 16:00:00,46.85
6/17/2016 16:00:00,46.6
6/20/2016 16:00:00,46.93
6/21/2016 16:00:00,47.23
6/22/2016 16:00:00,46.97
6/23/2016 16:00:00,47.91
6/24/2016 16:00:00,45.71
6/27/2016 16:00:00,45.01
6/28/2016 16:00:00,46.1
6/29/2016 16:00:00,46.97
6/30/2016 16:00:00,47.33
7/1/2016 16:00:00,47.03
7/5/2016 16:00:00,46.21
7/6/2016 16:00:00,46.65
7/7/2016 16:00:00,46.8
7/8/2016 16:00:00,47.79
7/11/2016 16:00:00,48.08
7/12/2016 16:00:00,48.35
7/13/2016 16:00:00,48.27
7/14/2016 16:00:00,48.94
7/15/2016 16:00:00,47.71
7/18/2016 16:00:00,48.28
7/19/2016 16:00:00,48.37
7/20/2016 16:00:00,48.61
7/21/2016 16:00:00,48.3
7/22/2016 16:00:00,48.32
7/25/2016 16:00:00,48.12
7/26/2016 16:00:00,47.97
7/27/2016 16:00:00,48
7/28/2016 16:00:00,48.13
7/29/2016 16:00:00,47.97
8/1/2016 16:00:00,47.81
8/2/2016 16:00:00,47.7
8/3/2016 16:00:00,47.57
8/4/2016 16:00:00,47.84
8/5/2016 16:00:00,48.68
8/8/2016 16:00:00,48.91
8/9/2016 16:00:00,48.93
8/10/2016 16:00:00,48.18
8/11/2016 16:00:00,48.24
8/12/2016 16:00:00,47.9
8/15/2016 16:00:00,48.27
8/16/2016 16:00:00,48.44
8/17/2016 16:00:00,48.61
8/18/2016 16:00:00,48.53
8/19/2016 16:00:00,48.65
8/22/2016 16:00:00,48.63
8/23/2016 16:00:00,48.41
8/24/2016 16:00:00,48.63
8/25/2016 16:00:00,48.38
8/26/2016 16:00:00,48.51
8/29/2016 16:00:00,49.56
8/30/2016 16:00:00,50.62
8/31/2016 16:00:00,50.8
9/1/2016 16:00:00,50.43
9/2/2016 16:00:00,50.55
9/6/2016 16:00:00,49.99
9/7/2016 16:00:00,49.77
9/8/2016 16:00:00,49.9
9/9/2016 16:00:00,48.72
9/12/2016 16:00:00,48.54
9/13/2016 16:00:00,46.96
9/14/2016 16:00:00,46.52
9/15/2016 16:00:00,46.15
9/16/2016 16:00:00,45.43
9/19/2016 16:00:00,46.01
9/20/2016 16:00:00,46.56
9/21/2016 16:00:00,45.83
9/22/2016 16:00:00,45.72
9/23/2016 16:00:00,45.74
9/26/2016 16:00:00,44.88
9/27/2016 16:00:00,45.09
9/28/2016 16:00:00,45.31
9/29/2016 16:00:00,44.37
9/30/2016 16:00:00,44.28
10/3/2016 16:00:00,43.83
10/4/2016 16:00:00,43.75
10/5/2016 16:00:00,44.99
10/6/2016 16:00:00,45.18
10/7/2016 16:00:00,45.33
10/10/2016 16:00:00,45.65
10/11/2016 16:00:00,45.45
10/12/2016 16:00:00,45.32
10/13/2016 16:00:00,44.75
10/14/2016 16:00:00,44.71
10/17/2016 16:00:00,44.5
10/18/2016 16:00:00,44.95
10/19/2016 16:00:00,45.26
10/20/2016 16:00:00,44.93
10/21/2016 16:00:00,45.09
10/24/2016 16:00:00,45.52
10/25/2016 16:00:00,45.72
10/26/2016 16:00:00,46.15
10/27/2016 16:00:00,46.41
10/28/2016 16:00:00,46.23
10/31/2016 16:00:00,46.01
11/1/2016 16:00:00,45.99
11/2/2016 16:00:00,45.24
11/3/2016 16:00:00,45.34
11/4/2016 16:00:00,44.6
11/7/2016 16:00:00,45.4
11/8/2016 16:00:00,45.54
11/9/2016 16:00:00,47.99
11/10/2016 16:00:00,51.63
11/11/2016 16:00:00,51.73
11/14/2016 16:00:00,53.22
11/15/2016 16:00:00,52.59
11/16/2016 16:00:00,51.68
11/17/2016 16:00:00,52.49
11/18/2016 16:00:00,52.82
11/21/2016 16:00:00,52.12
11/22/2016 16:00:00,52.22
11/23/2016 16:00:00,52.16
11/25/2016 16:00:00,52.62
11/28/2016 16:00:00,51.58
11/29/2016 16:00:00,51.86
11/30/2016 16:00:00,52.92
12/1/2016 16:00:00,54.34
12/2/2016 16:00:00,53.58
12/5/2016 16:00:00,54.35
12/6/2016 16:00:00,55.55
12/7/2016 16:00:00,57.28
12/8/2016 16:00:00,57.29
12/9/2016 16:00:00,57.14
12/12/2016 16:00:00,55.78
12/13/2016 16:00:00,55.84
12/14/2016 16:00:00,54.7
12/15/2016 16:00:00,55.19
12/16/2016 16:00:00,55.34
12/19/2016 16:00:00,55.22
12/20/2016 16:00:00,56.1
12/21/2016 16:00:00,55.71
12/22/2016 16:00:00,55.75
12/23/2016 16:00:00,55.96
12/27/2016 16:00:00,55.95
12/28/2016 16:00:00,55.32
12/29/2016 16:00:00,54.84
12/30/2016 16:00:00,55.11
1/3/2017 16:00:00,56
1/4/2017 16:00:00,56.05
1/5/2017 16:00:00,55.18
1/6/2017 16:00:00,55.04
1/9/2017 16:00:00,54.24
1/10/2017 16:00:00,54.62
1/11/2017 16:00:00,54.8
1/12/2017 16:00:00,54.5
1/13/2017 16:00:00,55.31
1/17/2017 16:00:00,53.78
1/18/2017 16:00:00,54.27
1/19/2017 16:00:00,54.58
1/20/2017 16:00:00,55.07
1/23/2017 16:00:00,54.25
1/24/2017 16:00:00,54.7
1/25/2017 16:00:00,56.62
1/26/2017 16:00:00,57.18
1/27/2017 16:00:00,56.59
1/30/2017 16:00:00,56.08
1/31/2017 16:00:00,56.33
2/1/2017 16:00:00,55.91
2/2/2017 16:00:00,55.75
2/3/2017 16:00:00,57.27
2/6/2017 16:00:00,56.55
2/7/2017 16:00:00,56.34
2/8/2017 16:00:00,55.63
2/9/2017 16:00:00,56.73
2/10/2017 16:00:00,56.86
2/13/2017 16:00:00,57.08
2/14/2017 16:00:00,57.98
2/15/2017 16:00:00,58.55
2/16/2017 16:00:00,58.12
2/17/2017 16:00:00,58.09
2/21/2017 16:00:00,58.25
2/22/2017 16:00:00,58.36
2/23/2017 16:00:00,58.49
2/24/2017 16:00:00,57.81
2/27/2017 16:00:00,58.06
2/28/2017 16:00:00,57.88
3/1/2017 16:00:00,59.73
3/2/2017 16:00:00,58.71
3/3/2017 16:00:00,58.89
3/6/2017 16:00:00,58.61
3/7/2017 16:00:00,58.3
3/8/2017 16:00:00,58.21
3/9/2017 16:00:00,58.7
3/10/2017 16:00:00,58.85
3/13/2017 16:00:00,58.7
3/14/2017 16:00:00,58.76
3/15/2017 16:00:00,58.71
3/16/2017 16:00:00,59.32
3/17/2017 16:00:00,58.67
3/20/2017 16:00:00,57.63
3/21/2017 16:00:00,55.85
3/22/2017 16:00:00,55.33
3/23/2017 16:00:00,55.25
3/24/2017 16:00:00,55.83
3/27/2017 16:00:00,55.39
3/28/2017 16:00:00,55.96
3/29/2017 16:00:00,55.67
3/30/2017 16:00:00,56.24
3/31/2017 16:00:00,55.66
4/3/2017 16:00:00,55.49
4/4/2017 16:00:00,55.2
4/5/2017 16:00:00,54.98
4/6/2017 16:00:00,55.37
4/7/2017 16:00:00,54.84
4/10/2017 16:00:00,54.54
4/11/2017 16:00:00,54.16
4/12/2017 16:00:00,53.12
4/13/2017 16:00:00,51.35
4/17/2017 16:00:00,52.72
4/18/2017 16:00:00,52.45
4/19/2017 16:00:00,52.15
4/20/2017 16:00:00,53.5
4/21/2017 16:00:00,53
4/24/2017 16:00:00,53.65
4/25/2017 16:00:00,54.56
4/26/2017 16:00:00,54.54
4/27/2017 16:00:00,54.44
4/28/2017 16:00:00,53.84
5/1/2017 16:00:00,54.46
5/2/2017 16:00:00,54.54
5/3/2017 16:00:00,54.85
5/4/2017 16:00:00,55.18
5/5/2017 16:00:00,55.11
5/8/2017 16:00:00,55.04
5/9/2017 16:00:00,54.68
5/10/2017 16:00:00,54.72
5/11/2017 16:00:00,53.74
5/12/2017 16:00:00,53.02
5/15/2017 16:00:00,53.32
5/16/2017 16:00:00,53.26
5/17/2017 16:00:00,52.24
5/18/2017 16:00:00,52.38
5/19/2017 16:00:00,53.06
5/22/2017 16:00:00,53.01
5/23/2017 16:00:00,53.39
5/24/2017 16:00:00,53.09
5/25/2017 16:00:00,52.78
5/26/2017 16:00:00,52.41
5/30/2017 16:00:00,52.16
5/31/2017 16:00:00,51.14
6/1/2017 16:00:00,52.08
6/2/2017 16:00:00,51.81
6/5/2017 16:00:00,51.72
6/6/2017 16:00:00,51.81
6/7/2017 16:00:00,52.09
6/8/2017 16:00:00,52.56
6/9/2017 16:00:00,53.8
6/12/2017 16:00:00,54.09
6/13/2017 16:00:00,54.45
6/14/2017 16:00:00,54.53
6/15/2017 16:00:00,53.9
6/16/2017 16:00:00,53.89
6/19/2017 16:00:00,54.24
6/20/2017 16:00:00,53.46
6/21/2017 16:00:00,52.98
6/22/2017 16:00:00,52.49
6/23/2017 16:00:00,52.45
6/26/2017 16:00:00,52.9
6/27/2017 16:00:00,53.16
6/28/2017 16:00:00,54.33
6/29/2017 16:00:00,55.78
6/30/2017 16:00:00,55.41
7/3/2017 16:00:00,55.78
7/5/2017 16:00:00,55.78
7/6/2017 16:00:00,55.56
7/7/2017 16:00:00,55.74
7/10/2017 16:00:00,55.59
7/11/2017 16:00:00,55.04
7/12/2017 16:00:00,55.17
7/13/2017 16:00:00,55.6
7/14/2017 16:00:00,54.99
7/17/2017 16:00:00,54.71
7/18/2017 16:00:00,54.8
7/19/2017 16:00:00,54.94
7/20/2017 16:00:00,54.88
7/21/2017 16:00:00,54.17
7/24/2017 16:00:00,54.27
7/25/2017 16:00:00,55.06
7/26/2017 16:00:00,54.91
7/27/2017 16:00:00,54.71
7/28/2017 16:00:00,53.3
7/31/2017 16:00:00,53.94
8/1/2017 16:00:00,54.08
8/2/2017 16:00:00,53.62
8/3/2017 16:00:00,53.4
8/4/2017 16:00:00,52.84
8/7/2017 16:00:00,52.54
8/8/2017 16:00:00,52.71
8/9/2017 16:00:00,52.79
8/10/2017 16:00:00,51.95
8/11/2017 16:00:00,51.94
8/14/2017 16:00:00,52.84
8/15/2017 16:00:00,52.85
8/16/2017 16:00:00,52.69
8/17/2017 16:00:00,51.8
8/18/2017 16:00:00,51.68
8/21/2017 16:00:00,51.82
8/22/2017 16:00:00,52.22
8/23/2017 16:00:00,52.03
8/24/2017 16:00:00,52.16
8/25/2017 16:00:00,51.77
8/28/2017 16:00:00,51.63
8/29/2017 16:00:00,51.42
8/30/2017 16:00:00,51.36
8/31/2017 16:00:00,51.07
9/1/2017 16:00:00,50.97
9/5/2017 16:00:00,50.1
9/6/2017 16:00:00,49.88
9/7/2017 16:00:00,49.68
9/8/2017 16:00:00,49.58
9/11/2017 16:00:00,50.66
9/12/2017 16:00:00,51.57
9/13/2017 16:00:00,51.46
9/14/2017 16:00:00,51.29
9/15/2017 16:00:00,51.66
9/18/2017 16:00:00,52.71
9/19/2017 16:00:00,53.36
9/20/2017 16:00:00,53.75
9/21/2017 16:00:00,54.06
9/22/2017 16:00:00,54.25
9/25/2017 16:00:00,54.03
9/26/2017 16:00:00,53.8
9/27/2017 16:00:00,54.21
9/28/2017 16:00:00,54.25
9/29/2017 16:00:00,55.15
10/2/2017 16:00:00,55.47
10/3/2017 16:00:00,55.58
10/4/2017 16:00:00,54.96
10/5/2017 16:00:00,55.39
10/6/2017 16:00:00,55.58
10/9/2017 16:00:00,55.14
10/10/2017 16:00:00,55.61
10/11/2017 16:00:00,55.66
10/12/2017 16:00:00,55.21
10/13/2017 16:00:00,53.69
10/16/2017 16:00:00,53.8
10/17/2017 16:00:00,53.19
10/18/2017 16:00:00,53.41
10/19/2017 16:00:00,53.75
10/20/2017 16:00:00,54.92
10/23/2017 16:00:00,54.91
10/24/2017 16:00:00,55.42
10/25/2017 16:00:00,55.25
10/26/2017 16:00:00,55.62
10/27/2017 16:00:00,55.87
10/30/2017 16:00:00,55.85
10/31/2017 16:00:00,56.14
11/1/2017 16:00:00,56.21
11/2/2017 16:00:00,56.48
11/3/2017 16:00:00,56.35
11/6/2017 16:00:00,56.18
11/7/2017 16:00:00,55.05
11/8/2017 16:00:00,54.26
11/9/2017 16:00:00,54
11/10/2017 16:00:00,53.81
11/13/2017 16:00:00,53.72
11/14/2017 16:00:00,54.04
11/15/2017 16:00:00,53.75
11/16/2017 16:00:00,54.6
11/17/2017 16:00:00,54.15
11/20/2017 16:00:00,54.05
11/21/2017 16:00:00,54.52
11/22/2017 16:00:00,54.06
11/24/2017 13:00:00,54.09
11/27/2017 16:00:00,53.95
11/28/2017 16:00:00,55.57
11/29/2017 16:00:00,56.68
11/30/2017 16:00:00,56.47
12/1/2017 16:00:00,56.2
12/4/2017 16:00:00,57.39
12/5/2017 16:00:00,58.55
12/6/2017 16:00:00,58.57
12/7/2017 16:00:00,59.36
12/8/2017 16:00:00,59.31
12/11/2017 16:00:00,58.87
12/12/2017 16:00:00,60.33
12/13/2017 16:00:00,59.4
12/14/2017 16:00:00,59.22
12/15/2017 16:00:00,59.87
12/18/2017 16:00:00,60.92
12/19/2017 16:00:00,60.36
12/20/2017 16:00:00,60.14
12/21/2017 16:00:00,61.61
12/22/2017 16:00:00,61.55
12/26/2017 16:00:00,61.13
12/27/2017 16:00:00,60.95
12/28/2017 16:00:00,61.3
12/29/2017 16:00:00,60.67
1/2/2018 16:00:00,61.09
1/3/2018 16:00:00,61.56
1/4/2018 16:00:00,62.33
1/5/2018 16:00:00,62.75
1/8/2018 16:00:00,62.04
1/9/2018 16:00:00,62.26
1/10/2018 16:00:00,63.12
1/11/2018 16:00:00,63.01
1/12/2018 16:00:00,62.55
1/16/2018 16:00:00,62.5
1/17/2018 16:00:00,63.88
1/18/2018 16:00:00,63.95
1/19/2018 16:00:00,64.22
1/22/2018 16:00:00,64.73
1/23/2018 16:00:00,64.49
1/24/2018 16:00:00,65.48
1/25/2018 16:00:00,65.65
1/26/2018 16:00:00,65.93
1/29/2018 16:00:00,65.82
1/30/2018 16:00:00,65.28
1/31/2018 16:00:00,65.78
2/1/2018 16:00:00,65.51
2/2/2018 16:00:00,64.07
2/5/2018 16:00:00,58.16
2/6/2018 16:00:00,57.28
2/7/2018 16:00:00,57.54
2/8/2018 16:00:00,55.4
2/9/2018 16:00:00,56.13
2/12/2018 16:00:00,56.5
2/13/2018 16:00:00,58
2/14/2018 16:00:00,59.55
2/15/2018 16:00:00,60.02
2/16/2018 16:00:00,59.95
2/20/2018 16:00:00,59.95
2/21/2018 16:00:00,59.73
2/22/2018 16:00:00,58.81
2/23/2018 16:00:00,59.17
2/26/2018 16:00:00,59.97
2/27/2018 16:00:00,59.21
2/28/2018 16:00:00,58.41
3/1/2018 16:00:00,57.31
3/2/2018 16:00:00,57.41
3/5/2018 16:00:00,57.59
3/6/2018 16:00:00,57.07
3/7/2018 16:00:00,56.6
3/8/2018 16:00:00,56.72
3/9/2018 16:00:00,58.23
3/12/2018 16:00:00,58.02
3/13/2018 16:00:00,57.56
3/14/2018 16:00:00,56.63
3/15/2018 16:00:00,56.83
3/16/2018 16:00:00,55.9
3/19/2018 16:00:00,55.48
3/20/2018 16:00:00,54.9
3/21/2018 16:00:00,54.79
3/22/2018 16:00:00,52.53
3/23/2018 16:00:00,50.98
3/26/2018 16:00:00,52.29
3/27/2018 16:00:00,51.1
3/28/2018 16:00:00,51.48
3/29/2018 16:00:00,52.41
4/2/2018 16:00:00,51.35
4/3/2018 16:00:00,52.08
4/4/2018 16:00:00,52.91
4/5/2018 16:00:00,53.26
4/6/2018 16:00:00,52.23
4/9/2018 16:00:00,52.25
4/10/2018 16:00:00,52.62
4/11/2018 16:00:00,51.93
4/12/2018 16:00:00,52.7
4/13/2018 16:00:00,50.89
4/16/2018 16:00:00,50.8
4/17/2018 16:00:00,50.57
4/18/2018 16:00:00,50.39
4/19/2018 16:00:00,51.54
4/20/2018 16:00:00,52.56
4/23/2018 16:00:00,52.61
4/24/2018 16:00:00,52.51
4/25/2018 16:00:00,53.11
4/26/2018 16:00:00,52.44
4/27/2018 16:00:00,52.36
4/30/2018 16:00:00,51.96
5/1/2018 16:00:00,52.56
5/2/2018 16:00:00,52.19
5/3/2018 16:00:00,51.54
5/4/2018 16:00:00,52.41
5/7/2018 16:00:00,52.66
5/8/2018 16:00:00,53.19
5/9/2018 16:00:00,53.76
5/10/2018 16:00:00,54.65
5/11/2018 16:00:00,54.45
5/14/2018 16:00:00,54.48
5/15/2018 16:00:00,54.75
5/16/2018 16:00:00,55.04
5/17/2018 16:00:00,54.22
5/18/2018 16:00:00,53.7
5/21/2018 16:00:00,54.54
5/22/2018 16:00:00,55.26
5/23/2018 16:00:00,56.18
5/24/2018 16:00:00,54.67
5/25/2018 16:00:00,54.9
5/29/2018 16:00:00,52.95
5/30/2018 16:00:00,54.23
5/31/2018 16:00:00,53.99
6/1/2018 16:00:00,54.69
6/4/2018 16:00:00,54.83
6/5/2018 16:00:00,54.5
6/6/2018 16:00:00,55.58
6/7/2018 16:00:00,55.63
6/8/2018 16:00:00,55.68
6/11/2018 16:00:00,55.51
6/12/2018 16:00:00,55.38
6/13/2018 16:00:00,55.16
6/14/2018 16:00:00,54.74
6/15/2018 16:00:00,54.98
6/18/2018 16:00:00,55.08
6/19/2018 16:00:00,55.08
6/20/2018 16:00:00,54.48
6/21/2018 16:00:00,54.37
6/22/2018 16:00:00,53.94
6/25/2018 16:00:00,53.96
6/26/2018 16:00:00,53.43
6/27/2018 16:00:00,53.28
6/28/2018 16:00:00,53.63
6/29/2018 16:00:00,55.44
7/2/2018 16:00:00,56.32
7/3/2018 13:00:00,55.56
7/5/2018 16:00:00,55.24
7/6/2018 16:00:00,55.89
7/9/2018 16:00:00,56.77
7/10/2018 16:00:00,56.62
7/11/2018 16:00:00,56.07
7/12/2018 16:00:00,56.03
7/13/2018 16:00:00,55.36
7/16/2018 16:00:00,56.99
7/17/2018 16:00:00,56.56
7/18/2018 16:00:00,56.57
7/19/2018 16:00:00,56.33
7/20/2018 16:00:00,56.41
7/23/2018 16:00:00,58
7/24/2018 16:00:00,58.35
7/25/2018 16:00:00,58.23
7/26/2018 16:00:00,58.31
7/27/2018 16:00:00,58.63
7/30/2018 16:00:00,58.49
7/31/2018 16:00:00,57.29
8/1/2018 16:00:00,57.65
8/2/2018 16:00:00,58.29
8/3/2018 16:00:00,58.83
8/6/2018 16:00:00,58.89
8/7/2018 16:00:00,58.82
8/8/2018 16:00:00,59.19
8/9/2018 16:00:00,58.44
8/10/2018 16:00:00,58.05
8/13/2018 16:00:00,57.61
8/14/2018 16:00:00,58.07
8/15/2018 16:00:00,57.99
8/16/2018 16:00:00,58.66
8/17/2018 16:00:00,58.86
8/20/2018 16:00:00,59.03
8/21/2018 16:00:00,58.96
8/22/2018 16:00:00,59.17
8/23/2018 16:00:00,58.62
8/24/2018 16:00:00,58.69
8/27/2018 16:00:00,59.1
8/28/2018 16:00:00,59.07
8/29/2018 16:00:00,58.96
8/30/2018 16:00:00,58.46
8/31/2018 16:00:00,58.48
9/4/2018 16:00:00,58.8
9/5/2018 16:00:00,58.95
9/6/2018 16:00:00,57.93
9/7/2018 16:00:00,57.4
9/10/2018 16:00:00,57.46
9/11/2018 16:00:00,57.38
9/12/2018 16:00:00,55.94
9/13/2018 16:00:00,55
9/14/2018 16:00:00,54.73
9/17/2018 16:00:00,54.31
9/18/2018 16:00:00,54.5
9/19/2018 16:00:00,55.22
9/20/2018 16:00:00,55.55
9/21/2018 16:00:00,54.99
9/24/2018 16:00:00,54.26
9/25/2018 16:00:00,54.23
9/26/2018 16:00:00,53.16
9/27/2018 16:00:00,52.82
9/28/2018 16:00:00,52.56
10/1/2018 16:00:00,52.25
10/2/2018 16:00:00,52.13
10/3/2018 16:00:00,52.65
10/4/2018 16:00:00,53.51
10/5/2018 16:00:00,53.19
10/8/2018 16:00:00,53.67
10/9/2018 16:00:00,53.53
10/10/2018 16:00:00,52.43
10/11/2018 16:00:00,51.44
10/12/2018 16:00:00,52.11
10/15/2018 16:00:00,53.24
10/16/2018 16:00:00,53.73
10/17/2018 16:00:00,54.46
10/18/2018 16:00:00,53.1
10/19/2018 16:00:00,52.89
10/22/2018 16:00:00,51.65
10/23/2018 16:00:00,51.56
10/24/2018 16:00:00,50.19
10/25/2018 16:00:00,51.86
10/26/2018 16:00:00,51.25
10/29/2018 16:00:00,52.23
10/30/2018 16:00:00,52.69
10/31/2018 16:00:00,53.23
11/1/2018 16:00:00,53.56
11/2/2018 16:00:00,53.61
11/5/2018 16:00:00,53.66
11/6/2018 16:00:00,53.55
11/7/2018 16:00:00,53.58
11/8/2018 16:00:00,53.16
11/9/2018 16:00:00,53.04
11/12/2018 16:00:00,52.35
11/13/2018 16:00:00,52.74
11/14/2018 16:00:00,52.15
11/15/2018 16:00:00,52.82
11/16/2018 16:00:00,52.94
11/19/2018 16:00:00,53.32
11/20/2018 16:00:00,52.54
11/21/2018 16:00:00,52.43
11/23/2018 13:00:00,51.83
11/26/2018 16:00:00,52.88
11/27/2018 16:00:00,53.19
11/28/2018 16:00:00,54.35
11/29/2018 16:00:00,54.04
11/30/2018 16:00:00,54.28
12/3/2018 16:00:00,54.24
12/4/2018 16:00:00,51.78
12/6/2018 16:00:00,51.09
12/7/2018 16:00:00,50.26
12/10/2018 16:00:00,48.8
12/11/2018 16:00:00,47.76
12/12/2018 16:00:00,47.74
12/13/2018 16:00:00,47.03
12/14/2018 16:00:00,46.54
12/17/2018 16:00:00,46.61
12/18/2018 16:00:00,46.52
12/19/2018 16:00:00,45.67
12/20/2018 16:00:00,46.04
12/21/2018 16:00:00,45.12
12/24/2018 13:00:00,43.6
12/26/2018 16:00:00,45.59
12/27/2018 16:00:00,45.53
12/28/2018 16:00:00,45.78
12/31/2018 16:00:00,46.08
1/2/2019 16:00:00,46.94
1/3/2019 16:00:00,46.57
1/4/2019 16:00:00,47.95
1/7/2019 16:00:00,47.64
1/8/2019 16:00:00,47.54
1/9/2019 16:00:00,47.8
1/10/2019 16:00:00,47.75
1/11/2019 16:00:00,47.87
1/14/2019 16:00:00,48.42
1/15/2019 16:00:00,47.67
1/16/2019 16:00:00,48.94
1/17/2019 16:00:00,49.23
1/18/2019 16:00:00,50.01
1/22/2019 16:00:00,49.86
1/23/2019 16:00:00,50.12
1/24/2019 16:00:00,49.98
1/25/2019 16:00:00,50.13
1/28/2019 16:00:00,49.82
1/29/2019 16:00:00,49.85
1/30/2019 16:00:00,50.09
1/31/2019 16:00:00,48.91
2/1/2019 16:00:00,48.91
2/4/2019 16:00:00,49.06
2/5/2019 16:00:00,49.27
2/6/2019 16:00:00,49.22
2/7/2019 16:00:00,48.08
2/8/2019 16:00:00,47.65
2/11/2019 16:00:00,47.65
2/12/2019 16:00:00,49.05
2/13/2019 16:00:00,49.02
2/14/2019 16:00:00,48.52
2/15/2019 16:00:00,49.22
2/19/2019 16:00:00,49.38
2/20/2019 16:00:00,49.81
2/21/2019 16:00:00,49.56
2/22/2019 16:00:00,49.02
2/25/2019 16:00:00,49.66
2/26/2019 16:00:00,49.59
2/27/2019 16:00:00,49.9
2/28/2019 16:00:00,49.89
3/1/2019 16:00:00,50.03
3/4/2019 16:00:00,50.11
3/5/2019 16:00:00,49.89
3/6/2019 16:00:00,49.82
3/7/2019 16:00:00,49.68
3/8/2019 16:00:00,49.8
3/11/2019 16:00:00,49.76
3/12/2019 16:00:00,49.65
3/13/2019 16:00:00,49.92
3/14/2019 16:00:00,50.35
3/15/2019 16:00:00,50.66
3/18/2019 16:00:00,51.73
3/19/2019 16:00:00,51.41
3/20/2019 16:00:00,50.4
3/21/2019 16:00:00,49.86
3/22/2019 16:00:00,48.31
3/25/2019 16:00:00,48.08
3/26/2019 16:00:00,49.01
3/27/2019 16:00:00,48.77
3/28/2019 16:00:00,49.09
3/29/2019 16:00:00,48.32
4/1/2019 16:00:00,48.81
4/2/2019 16:00:00,48.21
4/3/2019 16:00:00,48.86
4/4/2019 16:00:00,49.17
4/5/2019 16:00:00,48.78
4/8/2019 16:00:00,48.88
4/9/2019 16:00:00,48.14
4/10/2019 16:00:00,47.79
4/11/2019 16:00:00,47.74
4/12/2019 16:00:00,46.49
4/15/2019 16:00:00,46.77
4/16/2019 16:00:00,47.65
4/17/2019 16:00:00,47.55
4/18/2019 16:00:00,47.58
4/22/2019 16:00:00,47.26
4/23/2019 16:00:00,47.35
4/24/2019 16:00:00,47.48
4/25/2019 16:00:00,47.51
4/26/2019 16:00:00,47.96
4/29/2019 16:00:00,48.27
4/30/2019 16:00:00,48.41
5/1/2019 16:00:00,48.23
5/2/2019 16:00:00,48.3
5/3/2019 16:00:00,48.65
5/6/2019 16:00:00,48.43
5/7/2019 16:00:00,47.17
5/8/2019 16:00:00,47
5/9/2019 16:00:00,46.74
5/10/2019 16:00:00,47.15
5/13/2019 16:00:00,46.33
5/14/2019 16:00:00,46.49
5/15/2019 16:00:00,45.84
5/16/2019 16:00:00,45.9
5/17/2019 16:00:00,45.7
5/20/2019 16:00:00,45.45
5/21/2019 16:00:00,46.33
5/22/2019 16:00:00,46.1
5/23/2019 16:00:00,45.56
5/24/2019 16:00:00,46.17
5/28/2019 16:00:00,45.59
5/29/2019 16:00:00,45.48
5/30/2019 16:00:00,45.05
5/31/2019 16:00:00,44.37
6/3/2019 16:00:00,44.52
6/4/2019 16:00:00,45.68
6/5/2019 16:00:00,45.86
6/6/2019 16:00:00,45.92
6/7/2019 16:00:00,45.63
6/10/2019 16:00:00,46.27
6/11/2019 16:00:00,46.26
6/12/2019 16:00:00,44.91
6/13/2019 16:00:00,45.29
6/14/2019 16:00:00,45.59
6/17/2019 16:00:00,45.27
6/18/2019 16:00:00,46.1
6/19/2019 16:00:00,45.65
6/20/2019 16:00:00,45.86
6/21/2019 16:00:00,46.89
6/24/2019 16:00:00,46.27
6/25/2019 16:00:00,46.14
6/26/2019 16:00:00,45.8
6/27/2019 16:00:00,46.29
6/28/2019 16:00:00,47.32
7/1/2019 16:00:00,47.69
7/2/2019 16:00:00,47.23
7/3/2019 13:00:00,47.66
7/5/2019 16:00:00,47.77
7/8/2019 16:00:00,47.53
7/9/2019 16:00:00,47.83
7/10/2019 16:00:00,47.15
7/11/2019 16:00:00,47.14
7/12/2019 16:00:00,47.36
7/15/2019 16:00:00,46.71
7/16/2019 16:00:00,45.3
7/17/2019 16:00:00,45.21
7/18/2019 16:00:00,45.82
7/19/2019 16:00:00,46.03
7/22/2019 16:00:00,46.48
7/23/2019 16:00:00,47.2
7/24/2019 16:00:00,48.45
7/25/2019 16:00:00,48.09
7/26/2019 16:00:00,49.3
7/29/2019 16:00:00,48.28
7/30/2019 16:00:00,48.55
7/31/2019 16:00:00,48.41
8/1/2019 16:00:00,47.06
8/2/2019 16:00:00,47.44
8/5/2019 16:00:00,46.14
8/6/2019 16:00:00,46.93
8/7/2019 16:00:00,45.81
8/8/2019 16:00:00,46.4
8/9/2019 16:00:00,46.3
8/12/2019 16:00:00,45.53
8/13/2019 16:00:00,45.96
8/14/2019 16:00:00,43.97
8/15/2019 16:00:00,43.38
8/16/2019 16:00:00,44.39
8/19/2019 16:00:00,45.25
8/20/2019 16:00:00,44.68
8/21/2019 16:00:00,45
8/22/2019 16:00:00,45.62
8/23/2019 16:00:00,44.42
8/26/2019 16:00:00,44.98
8/27/2019 16:00:00,44.75
8/28/2019 16:00:00,45.47
8/29/2019 16:00:00,46.19
8/30/2019 16:00:00,46.57
9/3/2019 16:00:00,46.09
9/4/2019 16:00:00,46.5
9/5/2019 16:00:00,47.62
9/6/2019 16:00:00,47.15
9/9/2019 16:00:00,48.41
9/10/2019 16:00:00,48.31
9/11/2019 16:00:00,48.85
9/12/2019 16:00:00,48.65
9/13/2019 16:00:00,48.92
9/16/2019 16:00:00,48.98
9/17/2019 16:00:00,48.76
9/18/2019 16:00:00,48.93
9/19/2019 16:00:00,48.91
9/20/2019 16:00:00,48.63
9/23/2019 16:00:00,48.96
9/24/2019 16:00:00,48.65
9/25/2019 16:00:00,49.26
9/26/2019 16:00:00,48.87
9/27/2019 16:00:00,50.71
9/30/2019 16:00:00,50.44
10/1/2019 16:00:00,49.06
10/2/2019 16:00:00,48.47
10/3/2019 16:00:00,48.48
10/4/2019 16:00:00,49.21
10/7/2019 16:00:00,48.81
10/8/2019 16:00:00,47.82
10/9/2019 16:00:00,48.15
10/10/2019 16:00:00,48.65
10/11/2019 16:00:00,49.21
10/14/2019 16:00:00,49.27
10/15/2019 16:00:00,50.11
10/16/2019 16:00:00,49.59
10/17/2019 16:00:00,49.61
10/18/2019 16:00:00,49.97
10/21/2019 16:00:00,50.46
10/22/2019 16:00:00,50.62
10/23/2019 16:00:00,50.93
10/24/2019 16:00:00,51.1
10/25/2019 16:00:00,51.57
10/28/2019 16:00:00,51.65
10/29/2019 16:00:00,52.17
10/30/2019 16:00:00,52.03
10/31/2019 16:00:00,51.63
11/1/2019 16:00:00,52.18
11/4/2019 16:00:00,52.72
11/5/2019 16:00:00,53.3
11/6/2019 16:00:00,53.8
11/7/2019 16:00:00,54
11/8/2019 16:00:00,54.1
11/11/2019 16:00:00,54.05
11/12/2019 16:00:00,54.22
11/13/2019 16:00:00,53.29
11/14/2019 16:00:00,53.49
11/15/2019 16:00:00,53.8
11/18/2019 16:00:00,54
11/19/2019 16:00:00,54.03
11/20/2019 16:00:00,53.54
11/21/2019 16:00:00,53.56
11/22/2019 16:00:00,54.28
11/25/2019 16:00:00,54.21
11/26/2019 16:00:00,53.81
11/27/2019 16:00:00,54.34
11/29/2019 13:00:00,54.46
12/2/2019 16:00:00,53.62
12/3/2019 16:00:00,52.58
12/4/2019 16:00:00,53.24
12/5/2019 16:00:00,53.23
12/6/2019 16:00:00,54.37
12/9/2019 16:00:00,53.92
12/10/2019 16:00:00,53.69
12/11/2019 16:00:00,53.17
12/12/2019 16:00:00,54.36
12/13/2019 16:00:00,53.79
12/16/2019 16:00:00,54.22
12/17/2019 16:00:00,54.34
12/18/2019 16:00:00,53.67
12/19/2019 16:00:00,53.63
12/20/2019 16:00:00,53.33
12/23/2019 16:00:00,53.81
12/24/2019 13:00:00,53.82
12/26/2019 16:00:00,54.15
12/27/2019 16:00:00,53.92
12/30/2019 16:00:00,53.6
12/31/2019 16:00:00,53.8
1/2/2020 16:00:00,53.75
1/3/2020 16:00:00,53.42
1/6/2020 16:00:00,53.1
1/7/2020 16:00:00,52.66
1/8/2020 16:00:00,52.82
1/9/2020 16:00:00,52.73
1/10/2020 16:00:00,52.5
1/13/2020 16:00:00,52.11
1/14/2020 16:00:00,49.3
1/15/2020 16:00:00,48.32
1/16/2020 16:00:00,49.25
1/17/2020 16:00:00,49.18
1/21/2020 16:00:00,48.94
1/22/2020 16:00:00,48.56
1/23/2020 16:00:00,48.22
1/24/2020 16:00:00,47.57
1/27/2020 16:00:00,47.1
1/28/2020 16:00:00,47.37
1/29/2020 16:00:00,47.27
1/30/2020 16:00:00,47.91
1/31/2020 16:00:00,46.94
2/3/2020 16:00:00,47.12
2/4/2020 16:00:00,47.26
2/5/2020 16:00:00,48.31
2/6/2020 16:00:00,47.98
2/7/2020 16:00:00,47.84
2/10/2020 16:00:00,47.77
2/11/2020 16:00:00,47.99
2/12/2020 16:00:00,47.79
2/13/2020 16:00:00,48.12
2/14/2020 16:00:00,48.22
2/18/2020 16:00:00,46.99
2/19/2020 16:00:00,47.09
2/20/2020 16:00:00,47.34
2/21/2020 16:00:00,47.7
2/24/2020 16:00:00,46.39
2/25/2020 16:00:00,45.12
2/26/2020 16:00:00,44.14
2/27/2020 16:00:00,42.47
2/28/2020 16:00:00,40.85
3/2/2020 16:00:00,42.26
3/3/2020 16:00:00,40.53
3/4/2020 16:00:00,41.4
3/5/2020 16:00:00,38.9
3/6/2020 16:00:00,37.09
3/9/2020 16:00:00,32.48
3/10/2020 16:00:00,35.08
3/11/2020 16:00:00,32.33
3/12/2020 16:00:00,27.2
3/13/2020 16:00:00,30.89
3/16/2020 16:00:00,26.5
3/17/2020 16:00:00,29.63
3/18/2020 16:00:00,28.12
3/19/2020 16:00:00,28.29
3/20/2020 16:00:00,26.5
3/23/2020 16:00:00,25.25
3/24/2020 16:00:00,28.92
3/25/2020 16:00:00,28.97
3/26/2020 16:00:00,30.9
3/27/2020 16:00:00,30.28
3/30/2020 16:00:00,29.92
3/31/2020 16:00:00,28.7
4/1/2020 16:00:00,26.57
4/2/2020 16:00:00,27.22
4/3/2020 16:00:00,26.23
4/6/2020 16:00:00,28.63
4/7/2020 16:00:00,28.77
4/8/2020 16:00:00,30.28
4/9/2020 16:00:00,33.2
4/13/2020 16:00:00,31.43
4/14/2020 16:00:00,30.18
4/15/2020 16:00:00,28.44
4/16/2020 16:00:00,26.89
4/17/2020 16:00:00,28.38
4/20/2020 16:00:00,27.68
4/21/2020 16:00:00,26.84
4/22/2020 16:00:00,26.8
4/23/2020 16:00:00,26.53
4/24/2020 16:00:00,26.92
4/27/2020 16:00:00,28.41
4/28/2020 16:00:00,28.87
4/29/2020 16:00:00,30
4/30/2020 16:00:00,29.05
5/1/2020 16:00:00,27.59
5/4/2020 16:00:00,27.35
5/5/2020 16:00:00,26.32
5/6/2020 16:00:00,25.61
5/7/2020 16:00:00,25.23
5/8/2020 16:00:00,25.43
5/11/2020 16:00:00,24.78
5/12/2020 16:00:00,24.04
5/13/2020 16:00:00,22.53
5/14/2020 16:00:00,24.06
5/15/2020 16:00:00,23.36
5/18/2020 16:00:00,25.41
5/19/2020 16:00:00,23.95
5/20/2020 16:00:00,24.52
5/21/2020 16:00:00,24.46
5/22/2020 16:00:00,24.17
5/26/2020 16:00:00,26.26
5/27/2020 16:00:00,27.95
5/28/2020 16:00:00,27.22
5/29/2020 16:00:00,26.47
6/1/2020 16:00:00,27.09
6/2/2020 16:00:00,27.4
6/3/2020 16:00:00,28.83
6/4/2020 16:00:00,30.22
6/5/2020 16:00:00,31.67
6/8/2020 16:00:00,33.32
6/9/2020 16:00:00,32.63
6/10/2020 16:00:00,29.71
6/11/2020 16:00:00,26.79
6/12/2020 16:00:00,27.97
6/15/2020 16:00:00,28.21
6/16/2020 16:00:00,28.52
6/17/2020 16:00:00,27.45
6/18/2020 16:00:00,27.55
6/19/2020 16:00:00,27.6
6/22/2020 16:00:00,27.35
6/23/2020 16:00:00,27.23
6/24/2020 16:00:00,26.12
6/25/2020 16:00:00,27.37
6/26/2020 16:00:00,25.34
6/29/2020 16:00:00,25.7
6/30/2020 16:00:00,25.6
7/1/2020 16:00:00,25.09
7/2/2020 16:00:00,25.34
7/6/2020 16:00:00,25.49
7/7/2020 16:00:00,24.46
7/8/2020 16:00:00,24.55
7/9/2020 16:00:00,24.04
7/10/2020 16:00:00,25.47
7/13/2020 16:00:00,25.41
7/14/2020 16:00:00,24.25
7/15/2020 16:00:00,25.35
7/16/2020 16:00:00,25.46
7/17/2020 16:00:00,24.95
7/20/2020 16:00:00,24.57
7/21/2020 16:00:00,26.2
7/22/2020 16:00:00,26.26
7/23/2020 16:00:00,26.35
7/24/2020 16:00:00,26.26
7/27/2020 16:00:00,25.49
7/28/2020 16:00:00,25.53
7/29/2020 16:00:00,25.78
7/30/2020 16:00:00,24.65
7/31/2020 16:00:00,24.26
8/3/2020 16:00:00,24.29
8/4/2020 16:00:00,24.22
8/5/2020 16:00:00,24.4
8/6/2020 16:00:00,24.24
8/7/2020 16:00:00,25.07
8/10/2020 16:00:00,24.7
8/11/2020 16:00:00,25.32
8/12/2020 16:00:00,25.19
8/13/2020 16:00:00,25.02
8/14/2020 16:00:00,25.3
8/17/2020 16:00:00,24.47
8/18/2020 16:00:00,24.04
8/19/2020 16:00:00,24.07
8/20/2020 16:00:00,23.75
8/21/2020 16:00:00,23.64
8/24/2020 16:00:00,24.49
8/25/2020 16:00:00,24.61
8/26/2020 16:00:00,24.04
8/27/2020 16:00:00,24.59
8/28/2020 16:00:00,24.69
8/31/2020 16:00:00,24.15
9/1/2020 16:00:00,24.05
9/2/2020 16:00:00,24.57
9/3/2020 16:00:00,24.52
9/4/2020 16:00:00,24.79
9/8/2020 16:00:00,23.97
9/9/2020 16:00:00,23.84
9/10/2020 16:00:00,23.95
9/11/2020 16:00:00,24.27
9/14/2020 16:00:00,24.81
9/15/2020 16:00:00,24.88
9/16/2020 16:00:00,25.71
9/17/2020 16:00:00,25.11
9/18/2020 16:00:00,25.13
9/21/2020 16:00:00,24.04
9/22/2020 16:00:00,23.65
9/23/2020 16:00:00,22.83
9/24/2020 16:00:00,23.32
9/25/2020 16:00:00,23.64
9/28/2020 16:00:00,23.82
9/29/2020 16:00:00,23.26
9/30/2020 16:00:00,23.51
10/1/2020 16:00:00,23.56
10/2/2020 16:00:00,23.99
10/5/2020 16:00:00,24.45
10/6/2020 16:00:00,24.18
10/7/2020 16:00:00,24.81
10/8/2020 16:00:00,25.3
10/9/2020 16:00:00,25.3
10/12/2020 16:00:00,25.68
10/13/2020 16:00:00,24.74
10/14/2020 16:00:00,23.25
10/15/2020 16:00:00,22.95
10/16/2020 16:00:00,22.86
10/19/2020 16:00:00,22.54
10/20/2020 16:00:00,22.81
10/21/2020 16:00:00,22.7
10/22/2020 16:00:00,23.25
10/23/2020 16:00:00,23.28
10/26/2020 16:00:00,22.7
10/27/2020 16:00:00,21.82
10/28/2020 16:00:00,21.18
10/29/2020 16:00:00,21.14
10/30/2020 16:00:00,21.45
11/2/2020 16:00:00,21.9
11/3/2020 16:00:00,22.09
11/4/2020 16:00:00,21.88
11/5/2020 16:00:00,22.33
11/6/2020 16:00:00,21.91
11/9/2020 16:00:00,24.22
11/10/2020 16:00:00,24.19
11/11/2020 16:00:00,24.19
11/12/2020 16:00:00,23.81
11/13/2020 16:00:00,24.07
11/16/2020 16:00:00,24.9
11/17/2020 16:00:00,25.04
11/18/2020 16:00:00,25.06
11/19/2020 16:00:00,26.16
11/20/2020 16:00:00,25.48
11/23/2020 16:00:00,26.3
11/24/2020 16:00:00,28.61
11/25/2020 16:00:00,28.59
11/27/2020 13:00:00,28.46
11/30/2020 16:00:00,27.35
12/1/2020 16:00:00,28.06
12/2/2020 16:00:00,28.87
12/3/2020 16:00:00,29.16
12/4/2020 16:00:00,29.55
12/7/2020 16:00:00,29.34
12/8/2020 16:00:00,28.94
12/9/2020 16:00:00,29.05
12/10/2020 16:00:00,29.49
12/11/2020 16:00:00,29.08
12/14/2020 16:00:00,28.64
12/15/2020 16:00:00,29.73
12/16/2020 16:00:00,29.65
12/17/2020 16:00:00,29.47
12/18/2020 16:00:00,29.01
12/21/2020 16:00:00,29.55
12/22/2020 16:00:00,28.96
12/23/2020 16:00:00,30.35
12/24/2020 13:00:00,29.84
12/28/2020 16:00:00,29.93
12/29/2020 16:00:00,29.78
12/30/2020 16:00:00,29.75
12/31/2020 16:00:00,30.18
1/4/2021 16:00:00,29.7
1/5/2021 16:00:00,30.53
1/6/2021 16:00:00,32.69
1/7/2021 16:00:00,33.43
1/8/2021 16:00:00,33.19
1/11/2021 16:00:00,33.24
1/12/2021 16:00:00,33.94
1/13/2021 16:00:00,33.8
1/14/2021 16:00:00,34.75
1/15/2021 16:00:00,32.04
1/19/2021 16:00:00,32.63
1/20/2021 16:00:00,32.46
1/21/2021 16:00:00,32
1/22/2021 16:00:00,31.9
1/25/2021 16:00:00,32.24
1/26/2021 16:00:00,31.38
1/27/2021 16:00:00,30.17
1/28/2021 16:00:00,30.81
1/29/2021 16:00:00,29.88
2/1/2021 16:00:00,29.99
2/2/2021 16:00:00,30.75
2/3/2021 16:00:00,31.7
2/4/2021 16:00:00,32.66
2/5/2021 16:00:00,32.56
2/8/2021 16:00:00,33.4
2/9/2021 16:00:00,33.26
2/10/2021 16:00:00,33.2
2/11/2021 16:00:00,32.72
2/12/2021 16:00:00,33.53
2/16/2021 16:00:00,34.79
2/17/2021 16:00:00,36.59
2/18/2021 16:00:00,36.96
2/19/2021 16:00:00,37.83
2/22/2021 16:00:00,37.26
2/23/2021 16:00:00,37.14
2/24/2021 16:00:00,38.29
2/25/2021 16:00:00,37.56
2/26/2021 16:00:00,36.17
3/1/2021 16:00:00,37.09
3/2/2021 16:00:00,37.14
3/3/2021 16:00:00,37.69
3/4/2021 16:00:00,37.16
3/5/2021 16:00:00,37.43
3/8/2021 16:00:00,38.67
3/9/2021 16:00:00,38.13
3/10/2021 16:00:00,39.58
3/11/2021 16:00:00,38.88
3/12/2021 16:00:00,39.97
3/15/2021 16:00:00,39.7
3/16/2021 16:00:00,39.35
3/17/2021 16:00:00,39.84
3/18/2021 16:00:00,40.81
3/19/2021 16:00:00,39.63
3/22/2021 16:00:00,38.97
3/23/2021 16:00:00,38.24
3/24/2021 16:00:00,38.12
3/25/2021 16:00:00,39.3
3/26/2021 16:00:00,39.76
3/29/2021 16:00:00,38.44
3/30/2021 16:00:00,39.39
3/31/2021 16:00:00,39.07
4/1/2021 16:00:00,39.63
4/5/2021 16:00:00,39.48
4/6/2021 16:00:00,39.85
4/7/2021 16:00:00,39.99
4/8/2021 16:00:00,40.03
4/9/2021 16:00:00,40.5
4/12/2021 16:00:00,40.77
4/13/2021 16:00:00,39.79
4/14/2021 16:00:00,41.99
4/15/2021 16:00:00,42.24
4/16/2021 16:00:00,43.84
4/19/2021 16:00:00,43.88
4/20/2021 16:00:00,42.54
4/21/2021 16:00:00,43.24
4/22/2021 16:00:00,42.7
4/23/2021 16:00:00,43.86
4/26/2021 16:00:00,44.14
4/27/2021 16:00:00,45.09
4/28/2021 16:00:00,45.08
4/29/2021 16:00:00,46.24
4/30/2021 16:00:00,45.05
5/3/2021 16:00:00,45.48
5/4/2021 16:00:00,45.74
5/5/2021 16:00:00,45.94
5/6/2021 16:00:00,46.63
5/7/2021 16:00:00,46.54
5/10/2021 16:00:00,46.6
5/11/2021 16:00:00,45.72
5/12/2021 16:00:00,45.64
5/13/2021 16:00:00,46.4
5/14/2021 16:00:00,46.96
5/17/2021 16:00:00,47.9
5/18/2021 16:00:00,46.86
5/19/2021 16:00:00,46.17
5/20/2021 16:00:00,45.73
5/21/2021 16:00:00,45.88
5/24/2021 16:00:00,46.24
5/25/2021 16:00:00,46.09
5/26/2021 16:00:00,46.4
5/27/2021 16:00:00,46.76
5/28/2021 16:00:00,46.72
6/1/2021 16:00:00,47.26
6/2/2021 16:00:00,46.81
6/3/2021 16:00:00,46.46
6/4/2021 16:00:00,46.96
6/7/2021 16:00:00,47.11
6/8/2021 16:00:00,46.61
6/9/2021 16:00:00,45.92
6/10/2021 16:00:00,45.09
6/11/2021 16:00:00,45.68
6/14/2021 16:00:00,45.15
6/15/2021 16:00:00,45.46
6/16/2021 16:00:00,45.57
6/17/2021 16:00:00,42.79
6/18/2021 16:00:00,41.75
6/21/2021 16:00:00,43.28
6/22/2021 16:00:00,43.54
6/23/2021 16:00:00,43.96
6/24/2021 16:00:00,45.18
6/25/2021 16:00:00,46.38
6/28/2021 16:00:00,45.79
6/29/2021 16:00:00,44.79
6/30/2021 16:00:00,45.29
7/1/2021 16:00:00,45.41
7/2/2021 16:00:00,45.07
7/6/2021 16:00:00,43.49
7/7/2021 16:00:00,43.4
7/8/2021 16:00:00,42.32
7/9/2021 16:00:00,43.91
7/12/2021 16:00:00,44.16
7/13/2021 16:00:00,43.23
7/14/2021 16:00:00,44.95
7/15/2021 16:00:00,45
7/16/2021 16:00:00,44.28
7/19/2021 16:00:00,43.05
7/20/2021 16:00:00,44.84
7/21/2021 16:00:00,45.8
7/22/2021 16:00:00,45.03
7/23/2021 16:00:00,44.59
7/26/2021 16:00:00,45.01
7/27/2021 16:00:00,45.14
7/28/2021 16:00:00,45.51
7/29/2021 16:00:00,46.5
7/30/2021 16:00:00,45.94
8/2/2021 16:00:00,45.79
8/3/2021 16:00:00,46.83
8/4/2021 16:00:00,46.15
8/5/2021 16:00:00,46.99
8/6/2021 16:00:00,48.77
8/9/2021 16:00:00,48.65
8/10/2021 16:00:00,49.63
8/11/2021 16:00:00,50.66
8/12/2021 16:00:00,51.15
8/13/2021 16:00:00,50.37
8/16/2021 16:00:00,49.41
8/17/2021 16:00:00,48.71
8/18/2021 16:00:00,47.97
8/19/2021 16:00:00,47.25
8/20/2021 16:00:00,47.42
8/23/2021 16:00:00,47.61
8/24/2021 16:00:00,48.36
8/25/2021 16:00:00,49.29
8/26/2021 16:00:00,49.05
8/27/2021 16:00:00,49.81
8/30/2021 16:00:00,48.41
8/31/2021 16:00:00,45.7
9/1/2021 16:00:00,43.45
9/2/2021 16:00:00,44.57
9/3/2021 16:00:00,44.17
9/7/2021 16:00:00,44.31
9/8/2021 16:00:00,43.82
9/9/2021 16:00:00,44.36
9/10/2021 16:00:00,44.33
9/13/2021 16:00:00,45.76
9/14/2021 16:00:00,46.05
9/15/2021 16:00:00,46.64
9/16/2021 16:00:00,46.28
9/17/2021 16:00:00,46.47
9/20/2021 16:00:00,45.81
9/21/2021 16:00:00,45.85
9/22/2021 16:00:00,47.08
9/23/2021 16:00:00,47.8
9/24/2021 16:00:00,47.92
9/27/2021 16:00:00,47.56
9/28/2021 16:00:00,45.92
9/29/2021 16:00:00,47.03
9/30/2021 16:00:00,46.41
10/1/2021 16:00:00,47.02
10/4/2021 16:00:00,47.02
10/5/2021 16:00:00,47.96
10/6/2021 16:00:00,47.87
10/7/2021 16:00:00,47.76
10/8/2021 16:00:00,48
10/11/2021 16:00:00,47.28
10/12/2021 16:00:00,46.65
10/13/2021 16:00:00,46.05
10/14/2021 16:00:00,45.31
10/15/2021 16:00:00,48.38
10/18/2021 16:00:00,49.43
10/19/2021 16:00:00,50.34
10/20/2021 16:00:00,50.16
10/21/2021 16:00:00,50.33
10/22/2021 16:00:00,50.66
10/25/2021 16:00:00,50.62
10/26/2021 16:00:00,50.63
10/27/2021 16:00:00,50.05
10/28/2021 16:00:00,51.36
10/29/2021 16:00:00,51.16
11/1/2021 16:00:00,51.71
11/2/2021 16:00:00,51.3
11/3/2021 16:00:00,52
11/4/2021 16:00:00,50.62
11/5/2021 16:00:00,50.44
11/8/2021 16:00:00,50.87
11/9/2021 16:00:00,49.89
11/10/2021 16:00:00,50.36
11/11/2021 16:00:00,50.59
11/12/2021 16:00:00,50.96
11/15/2021 16:00:00,51.08
11/16/2021 16:00:00,50.37
11/17/2021 16:00:00,49.84
11/18/2021 16:00:00,49.9
11/19/2021 16:00:00,48.82
11/22/2021 16:00:00,50.34
11/23/2021 16:00:00,51.4
11/24/2021 16:00:00,51.31
11/26/2021 13:00:00,48.43
11/29/2021 16:00:00,49.16
11/30/2021 16:00:00,47.78
12/1/2021 16:00:00,47.21
12/2/2021 16:00:00,48.91
12/3/2021 16:00:00,47.75
12/6/2021 16:00:00,48.81
12/7/2021 16:00:00,50.25
12/8/2021 16:00:00,49.41
12/9/2021 16:00:00,49.69
12/10/2021 16:00:00,50.2
12/13/2021 16:00:00,48.56
12/14/2021 16:00:00,48.89
12/15/2021 16:00:00,48.94
12/16/2021 16:00:00,50.3
12/17/2021 16:00:00,47.95
12/20/2021 16:00:00,46.85
12/21/2021 16:00:00,47.81
12/22/2021 16:00:00,48.03
12/23/2021 16:00:00,48.36
12/27/2021 16:00:00,48.77
12/28/2021 16:00:00,48.42
12/29/2021 16:00:00,48.45
12/30/2021 16:00:00,48.1
12/31/2021 16:00:00,47.98
1/3/2022 16:00:00,50.73
1/4/2022 16:00:00,52.75
1/5/2022 16:00:00,52.29
1/6/2022 16:00:00,53.63
1/7/2022 16:00:00,54.77
1/10/2022 16:00:00,55.35
1/11/2022 16:00:00,56.06
1/12/2022 16:00:00,56.4
1/13/2022 16:00:00,56
1/14/2022 16:00:00,58.06
1/18/2022 16:00:00,56.69
1/19/2022 16:00:00,55.57
1/20/2022 16:00:00,55
1/21/2022 16:00:00,53.67
1/24/2022 16:00:00,53.32
1/25/2022 16:00:00,53.59
1/26/2022 16:00:00,54.14
1/27/2022 16:00:00,53.76
1/28/2022 16:00:00,54.19
1/31/2022 16:00:00,53.8
2/1/2022 16:00:00,55.6
2/2/2022 16:00:00,55.93
2/3/2022 16:00:00,55.17
2/4/2022 16:00:00,56.33
2/7/2022 16:00:00,57.33
2/8/2022 16:00:00,58.75
2/9/2022 16:00:00,59.06
2/10/2022 16:00:00,59.05
2/11/2022 16:00:00,58.31
2/14/2022 16:00:00,57.85
2/15/2022 16:00:00,58.38
2/16/2022 16:00:00,58.14
2/17/2022 16:00:00,56.15
2/18/2022 16:00:00,55.63
2/22/2022 16:00:00,55.28
2/23/2022 16:00:00,53.95
2/24/2022 16:00:00,52.71
2/25/2022 16:00:00,54.11
2/28/2022 16:00:00,53.37
3/1/2022 16:00:00,50.29
3/2/2022 16:00:00,52.22
3/3/2022 16:00:00,51.24
3/4/2022 16:00:00,48.79
3/7/2022 16:00:00,45.81
3/8/2022 16:00:00,46.46
3/9/2022 16:00:00,49.16
3/10/2022 16:00:00,49.01
3/11/2022 16:00:00,48.47
3/14/2022 16:00:00,49.86
3/15/2022 16:00:00,50.11
3/16/2022 16:00:00,51.6
3/17/2022 16:00:00,51.48
3/18/2022 16:00:00,51.42
3/21/2022 16:00:00,51.14
3/22/2022 16:00:00,53.39
3/23/2022 16:00:00,51.12
3/24/2022 16:00:00,51.33
3/25/2022 16:00:00,52.56
3/28/2022 16:00:00,51.81
3/29/2022 16:00:00,51.6
3/30/2022 16:00:00,50.11
3/31/2022 16:00:00,48.46
4/1/2022 16:00:00,48.71
4/4/2022 16:00:00,48.46
4/5/2022 16:00:00,48.12
4/6/2022 16:00:00,47.89
4/7/2022 16:00:00,47.74
4/8/2022 16:00:00,48.73
4/11/2022 16:00:00,49.33
4/12/2022 16:00:00,48.42
4/13/2022 16:00:00,48.54
4/14/2022 16:00:00,46.35
4/18/2022 16:00:00,47.17
4/19/2022 16:00:00,47.83
4/20/2022 16:00:00,48.65
4/21/2022 16:00:00,47.78
4/22/2022 16:00:00,46.34
4/25/2022 16:00:00,45.83
4/26/2022 16:00:00,44.58
4/27/2022 16:00:00,44.58
4/28/2022 16:00:00,45.17
4/29/2022 16:00:00,43.63
5/2/2022 16:00:00,43.67
5/3/2022 16:00:00,44.16
5/4/2022 16:00:00,45.98
5/5/2022 16:00:00,44.76
5/6/2022 16:00:00,44.55
5/9/2022 16:00:00,43.96
5/10/2022 16:00:00,43.08
5/11/2022 16:00:00,42.57
5/12/2022 16:00:00,41.81
5/13/2022 16:00:00,42.64
5/16/2022 16:00:00,42.21
5/17/2022 16:00:00,43.71
5/18/2022 16:00:00,42.11
5/19/2022 16:00:00,42
5/20/2022 16:00:00,41.67
5/23/2022 16:00:00,43.82
5/24/2022 16:00:00,43.29
5/25/2022 16:00:00,44.12
5/26/2022 16:00:00,45.6
5/27/2022 16:00:00,45.89
5/31/2022 16:00:00,45.77
6/1/2022 16:00:00,45.16
6/2/2022 16:00:00,45.33
6/3/2022 16:00:00,44.82
6/6/2022 16:00:00,45.12
6/7/2022 16:00:00,45.47
6/8/2022 16:00:00,44.63
6/9/2022 16:00:00,42.67
6/10/2022 16:00:00,40.08
6/13/2022 16:00:00,38.99
6/14/2022 16:00:00,37.43
6/15/2022 16:00:00,38.17
6/16/2022 16:00:00,37.65
6/17/2022 16:00:00,38.48
6/21/2022 16:00:00,38.99
6/22/2022 16:00:00,38.6
6/23/2022 16:00:00,37.9
6/24/2022 16:00:00,40.76
6/27/2022 16:00:00,40.24
6/28/2022 16:00:00,40.18
6/29/2022 16:00:00,39.71
6/30/2022 16:00:00,39.17
7/1/2022 16:00:00,39.92
7/5/2022 16:00:00,40.1
7/6/2022 16:00:00,39.5
7/7/2022 16:00:00,40.12
7/8/2022 16:00:00,40.18
7/11/2022 16:00:00,39.79
7/12/2022 16:00:00,39.6
7/13/2022 16:00:00,39.07
7/14/2022 16:00:00,38.74
7/15/2022 16:00:00,41.13
7/18/2022 16:00:00,41.19
7/19/2022 16:00:00,42.9
7/20/2022 16:00:00,42.72
7/21/2022 16:00:00,43.28
7/22/2022 16:00:00,43.17
7/25/2022 16:00:00,43.5
7/26/2022 16:00:00,42.9
7/27/2022 16:00:00,43.71
7/28/2022 16:00:00,43.32
7/29/2022 16:00:00,43.87
8/1/2022 16:00:00,43.54
8/2/2022 16:00:00,42.88
8/3/2022 16:00:00,43.89
8/4/2022 16:00:00,42.77
8/5/2022 16:00:00,43.76
8/8/2022 16:00:00,43.19
8/9/2022 16:00:00,43.4
8/10/2022 16:00:00,44.33
8/11/2022 16:00:00,45.25
8/12/2022 16:00:00,45.94
8/15/2022 16:00:00,45.75
8/16/2022 16:00:00,46.06
8/17/2022 16:00:00,46.14
8/18/2022 16:00:00,46.14
8/19/2022 16:00:00,45.35
8/22/2022 16:00:00,44.41
8/23/2022 16:00:00,44.37
8/24/2022 16:00:00,44.64
8/25/2022 16:00:00,45.39
8/26/2022 16:00:00,43.97
8/29/2022 16:00:00,43.92
8/30/2022 16:00:00,44.14
8/31/2022 16:00:00,43.71
9/1/2022 16:00:00,43.7
9/2/2022 16:00:00,43.38
9/6/2022 16:00:00,42.88
9/7/2022 16:00:00,43.84
9/8/2022 16:00:00,45.23
9/9/2022 16:00:00,45.33
9/12/2022 16:00:00,45.53
9/13/2022 16:00:00,43.22
9/14/2022 16:00:00,43.28
9/15/2022 16:00:00,44.14
9/16/2022 16:00:00,43.94
9/19/2022 16:00:00,44.32
9/20/2022 16:00:00,43.41
9/21/2022 16:00:00,42.27
9/22/2022 16:00:00,41.52
9/23/2022 16:00:00,40.41
9/26/2022 16:00:00,40.01
9/27/2022 16:00:00,40.03
9/28/2022 16:00:00,40.81
9/29/2022 16:00:00,40.5
9/30/2022 16:00:00,40.22
10/3/2022 16:00:00,41.58
10/4/2022 16:00:00,43.54
10/5/2022 16:00:00,43.31
10/6/2022 16:00:00,42.24
10/7/2022 16:00:00,41.79
10/10/2022 16:00:00,41.45
10/11/2022 16:00:00,40.23
10/12/2022 16:00:00,40.51
10/13/2022 16:00:00,42.38
10/14/2022 16:00:00,43.17
10/17/2022 16:00:00,43.96
10/18/2022 16:00:00,44.67
10/19/2022 16:00:00,43.62
10/20/2022 16:00:00,43.65
10/21/2022 16:00:00,44.83
10/24/2022 16:00:00,45.2
10/25/2022 16:00:00,45.37
10/26/2022 16:00:00,45.7
10/27/2022 16:00:00,45.65
10/28/2022 16:00:00,46.35
10/31/2022 16:00:00,45.99
11/1/2022 16:00:00,46.95
11/2/2022 16:00:00,46.88
11/3/2022 16:00:00,45.54
11/4/2022 16:00:00,46.74
11/7/2022 16:00:00,47.07
11/8/2022 16:00:00,47.18
11/9/2022 16:00:00,45.97
11/10/2022 16:00:00,47.95
11/11/2022 16:00:00,47.55
11/14/2022 16:00:00,46.87
11/15/2022 16:00:00,46.71
11/16/2022 16:00:00,46.21
11/17/2022 16:00:00,45.99
11/18/2022 16:00:00,46.5
11/21/2022 16:00:00,46.84
11/22/2022 16:00:00,47.11
11/23/2022 16:00:00,47.33
11/25/2022 13:00:00,47.44
11/28/2022 16:00:00,46.98
11/29/2022 16:00:00,47.57
11/30/2022 16:00:00,47.95
12/1/2022 16:00:00,46.87
12/2/2022 16:00:00,45.94
12/5/2022 16:00:00,43.66
12/6/2022 16:00:00,43.4
12/7/2022 16:00:00,42.45
12/8/2022 16:00:00,42.58
12/9/2022 16:00:00,42.5
12/12/2022 16:00:00,42.86
12/13/2022 16:00:00,42.62
12/14/2022 16:00:00,42.18
12/15/2022 16:00:00,41.37
12/16/2022 16:00:00,41.19
12/19/2022 16:00:00,41.82
12/20/2022 16:00:00,40.98
12/21/2022 16:00:00,41.12
12/22/2022 16:00:00,40.68
12/23/2022 16:00:00,40.98
12/27/2022 16:00:00,41.04
12/28/2022 16:00:00,41.12
12/29/2022 16:00:00,41.33
12/30/2022 16:00:00,41.29
1/3/2023 16:00:00,41.79
1/4/2023 16:00:00,42.65
1/5/2023 16:00:00,42.42
1/6/2023 16:00:00,42.8
1/9/2023 16:00:00,42.39
1/10/2023 16:00:00,42.36
1/11/2023 16:00:00,42.74
1/12/2023 16:00:00,42.83
1/13/2023 16:00:00,44.22
1/17/2023 16:00:00,44.12
1/18/2023 16:00:00,43.38
1/19/2023 16:00:00,42.95
1/20/2023 16:00:00,43.92
1/23/2023 16:00:00,45.03
1/24/2023 16:00:00,44.45
1/25/2023 16:00:00,45.34
1/26/2023 16:00:00,45.81
1/27/2023 16:00:00,46.12
1/30/2023 16:00:00,46.29
1/31/2023 16:00:00,46.87
2/1/2023 16:00:00,47.33
2/2/2023 16:00:00,47.23
2/3/2023 16:00:00,47.58
2/6/2023 16:00:00,47.68
2/7/2023 16:00:00,48.13
2/8/2023 16:00:00,48.25
2/9/2023 16:00:00,47.57
2/10/2023 16:00:00,47.51
2/13/2023 16:00:00,48.13
2/14/2023 16:00:00,48.5
2/15/2023 16:00:00,47.97
2/16/2023 16:00:00,47.22
2/17/2023 16:00:00,47.49
2/21/2023 16:00:00,46.24
2/22/2023 16:00:00,46.01
2/23/2023 16:00:00,46.25
2/24/2023 16:00:00,46.62
2/27/2023 16:00:00,46.78
2/28/2023 16:00:00,46.77
3/1/2023 16:00:00,46.68
3/2/2023 16:00:00,45.8
3/3/2023 16:00:00,46.85
3/6/2023 16:00:00,46.63
3/7/2023 16:00:00,44.45
3/8/2023 16:00:00,43.84
3/9/2023 16:00:00,41.13
3/10/2023 16:00:00,41.36
3/13/2023 16:00:00,38.41
3/14/2023 16:00:00,40.17
3/15/2023 16:00:00,38.85
3/16/2023 16:00:00,39.3
3/17/2023 16:00:00,37.76
3/20/2023 16:00:00,37.48
3/21/2023 16:00:00,38.48
3/22/2023 16:00:00,37.2
3/23/2023 16:00:00,36.61
3/24/2023 16:00:00,36.23
3/27/2023 16:00:00,37.47
3/28/2023 16:00:00,37.18
3/29/2023 16:00:00,37.97
3/30/2023 16:00:00,37.38
3/31/2023 16:00:00,37.38
4/3/2023 16:00:00,37.72
4/4/2023 16:00:00,36.81
4/5/2023 16:00:00,36.89
4/6/2023 16:00:00,37.9
4/10/2023 16:00:00,38.63
4/11/2023 16:00:00,39.37
4/12/2023 16:00:00,39.19
4/13/2023 16:00:00,39.66
4/14/2023 16:00:00,39.64
4/17/2023 16:00:00,41.3
4/18/2023 16:00:00,41.87
4/19/2023 16:00:00,42.24
4/20/2023 16:00:00,41.67
4/21/2023 16:00:00,41.24
4/24/2023 16:00:00,41.45
4/25/2023 16:00:00,40.55
4/26/2023 16:00:00,39.46
4/27/2023 16:00:00,39.66
4/28/2023 16:00:00,39.75
5/1/2023 16:00:00,40.39
5/2/2023 16:00:00,38.84
5/3/2023 16:00:00,38.65
5/4/2023 16:00:00,36.72
5/5/2023 16:00:00,37.94
5/8/2023 16:00:00,38.38
5/9/2023 16:00:00,38.54
5/10/2023 16:00:00,38.28
5/11/2023 16:00:00,38.33
5/12/2023 16:00:00,37.49
5/15/2023 16:00:00,38.77
5/16/2023 16:00:00,38.39
5/17/2023 16:00:00,40.46
5/18/2023 16:00:00,40.21
5/19/2023 16:00:00,40.03
5/22/2023 16:00:00,40.98
5/23/2023 16:00:00,41.21
5/24/2023 16:00:00,40.87
5/25/2023 16:00:00,40.9
5/26/2023 16:00:00,41.23
5/30/2023 16:00:00,40.98
5/31/2023 16:00:00,39.81
6/1/2023 16:00:00,40.06
6/2/2023 16:00:00,41.24
6/5/2023 16:00:00,40.45
6/6/2023 16:00:00,41.26
6/7/2023 16:00:00,42.07
6/8/2023 16:00:00,42.37
6/9/2023 16:00:00,42.13
6/12/2023 16:00:00,41.83
6/13/2023 16:00:00,42.65
6/14/2023 16:00:00,42.08
6/15/2023 16:00:00,42.36
6/16/2023 16:00:00,42.18
6/20/2023 16:00:00,41.89
6/21/2023 16:00:00,41.65
6/22/2023 16:00:00,41.06
6/23/2023 16:00:00,40.61
6/26/2023 16:00:00,40.59
6/27/2023 16:00:00,40.91
6/28/2023 16:00:00,40.62
6/29/2023 16:00:00,42.45
6/30/2023 16:00:00,42.68
7/3/2023 13:00:00,43.4
7/5/2023 16:00:00,43.48
7/6/2023 16:00:00,42.89
7/7/2023 16:00:00,42.77
7/10/2023 16:00:00,42.32
7/11/2023 16:00:00,42.74
7/12/2023 16:00:00,43.26
7/13/2023 16:00:00,43.71
7/14/2023 16:00:00,43.56
7/17/2023 16:00:00,44.74
7/18/2023 16:00:00,45.6
7/19/2023 16:00:00,46.26
7/20/2023 16:00:00,47.13
7/21/2023 16:00:00,45.96
7/24/2023 16:00:00,46.42
7/25/2023 16:00:00,45.48
7/26/2023 16:00:00,46.44
7/27/2023 16:00:00,45.77
7/28/2023 16:00:00,46.14
7/31/2023 16:00:00,46.16
8/1/2023 16:00:00,45.71
8/2/2023 16:00:00,45.1
8/3/2023 16:00:00,45.15
8/4/2023 16:00:00,44.85
8/7/2023 16:00:00,45.06
8/8/2023 16:00:00,44.48
8/9/2023 16:00:00,43.72
8/10/2023 16:00:00,43.67
8/11/2023 16:00:00,43.73
8/14/2023 16:00:00,43.74
8/15/2023 16:00:00,42.73
8/16/2023 16:00:00,42.22
8/17/2023 16:00:00,42.47
8/18/2023 16:00:00,42.5
8/21/2023 16:00:00,42.49
8/22/2023 16:00:00,41.5
8/23/2023 16:00:00,41.61
8/24/2023 16:00:00,41.43
8/25/2023 16:00:00,41.23
8/28/2023 16:00:00,41.88
8/29/2023 16:00:00,42
8/30/2023 16:00:00,41.54
8/31/2023 16:00:00,41.29
9/1/2023 16:00:00,41.65
9/5/2023 16:00:00,41.54
9/6/2023 16:00:00,41.02
9/7/2023 16:00:00,40.43
9/8/2023 16:00:00,41
9/11/2023 16:00:00,41.33
9/12/2023 16:00:00,42.54
9/13/2023 16:00:00,42.25
9/14/2023 16:00:00,43.05
9/15/2023 16:00:00,42.95
9/18/2023 16:00:00,43.43
9/19/2023 16:00:00,43.22
9/20/2023 16:00:00,42.87
9/21/2023 16:00:00,42.32
9/22/2023 16:00:00,41.23
9/25/2023 16:00:00,41.56
9/26/2023 16:00:00,40.65
9/27/2023 16:00:00,40.86
9/28/2023 16:00:00,40.91
9/29/2023 16:00:00,40.86
10/2/2023 16:00:00,39.61
10/3/2023 16:00:00,38.67
10/4/2023 16:00:00,38.97
10/5/2023 16:00:00,39.3
10/6/2023 16:00:00,39.69
10/9/2023 16:00:00,39.7
10/10/2023 16:00:00,39.82
10/11/2023 16:00:00,39.69
10/12/2023 16:00:00,39.74
10/13/2023 16:00:00,40.96
10/16/2023 16:00:00,41.65
10/17/2023 16:00:00,41.98
10/18/2023 16:00:00,41.53
10/19/2023 16:00:00,41.18
10/20/2023 16:00:00,40.27
10/23/2023 16:00:00,39.48
10/24/2023 16:00:00,39.28
10/25/2023 16:00:00,39.03
10/26/2023 16:00:00,39.65
10/27/2023 16:00:00,38.76
10/30/2023 16:00:00,39.43
10/31/2023 16:00:00,39.77
11/1/2023 16:00:00,39.61
11/2/2023 16:00:00,40.51
11/3/2023 16:00:00,41.62
11/6/2023 16:00:00,41.34
11/7/2023 16:00:00,41.04
11/8/2023 16:00:00,40.98
11/9/2023 16:00:00,40.4
11/10/2023 16:00:00,40.89
11/13/2023 16:00:00,40.77
11/14/2023 16:00:00,42.08
11/15/2023 16:00:00,42.84
11/16/2023 16:00:00,42.53
11/17/2023 16:00:00,42.96
11/20/2023 16:00:00,42.79
11/21/2023 16:00:00,42.6
11/22/2023 16:00:00,42.78
11/24/2023 13:00:00,42.92
11/27/2023 16:00:00,43.02
11/28/2023 16:00:00,43.37
11/29/2023 16:00:00,43.78
11/30/2023 16:00:00,44.59
12/1/2023 16:00:00,45.02
12/4/2023 16:00:00,45.12
12/5/2023 16:00:00,44.49
12/6/2023 16:00:00,44.5
12/7/2023 16:00:00,45.4
12/8/2023 16:00:00,46.1
12/11/2023 16:00:00,46
12/12/2023 16:00:00,46.47
12/13/2023 16:00:00,47.76
12/14/2023 16:00:00,50.51
12/15/2023 16:00:00,50.31
12/18/2023 16:00:00,49.66
12/19/2023 16:00:00,50.09
12/20/2023 16:00:00,49.34
12/21/2023 16:00:00,49.45
12/22/2023 16:00:00,49.18
12/26/2023 16:00:00,49.64
12/27/2023 16:00:00,49.33
12/28/2023 16:00:00,49.48
12/29/2023 16:00:00,49.22